"Geneid","E1_S1_L001.bam","E2_S2_L001.bam","E3_S3_L001.bam","E4_S4_L001.bam","E5_S5_L001.bam","E6_S6_L001.bam","L1_S1_L001.bam","L2_S2_L001.bam","L3_S3_L001.bam","L4_S4_L001.bam","L5_S5_L001.bam","L6_S6_L001.bam"
"txnl4b",595.771023853454,367.102489506537,236.858439764923,469.685234549143,279.861986390853,338.084242102579,509.280345273646,399.022430589797,169.302259547663,472.637078333166,255.707278720437,356.009230123414
"abcb6a",192.70221795799,177.17793764378,225.344487831906,516.895863795062,491.81985130039,406.416957060751,500.469266635694,781.302661294707,620.118741366439,627.691930118355,650.103250984162,629.724869364029
"ugt5b5",21.6789995202739,29.317212703647,12.3363770710898,31.8772624822872,20.8562658835471,25.0553288179967,19.3843730034952,19.5325665323677,35.4353566495108,26.1538304215981,15.1690758562971,19.6789021676259
"ugt5b6",11302.7880091443,4434.54708678209,3866.22057407953,3651.76234765442,2927.63769472303,4179.6843982749,6532.53370217788,2526.67699929413,2470.63181084089,2267.91072370144,1995.81698052138,2769.35823231681
"ugt5b4",1812.20377471327,964.281365665608,902.200376465697,290.123439553981,213.412953226994,356.306299424758,1649.43392102468,1784.43947106416,1352.44944545633,237.252604538783,175.527877765724,434.724838793918
"ugt5b3",288.250401028827,309.105394810192,58.3921848031582,52.8597643693623,24.2514719576129,54.6661719665382,225.56361313158,399.022430589797,61.0275586741575,18.6813074439987,4.33402167322775,78.7156086705036
"ugt5b2",6229.9021214002,1793.44862061006,1812.62500431212,1002.72148441119,513.646176062241,947.221586872576,3445.13174743937,834.319627596848,1133.93141278435,665.054545006352,327.218636328695,712.018460246828
"ugt5b1",313.141104181735,133.202118588309,106.092842811372,96.0352970985361,105.25138829604,133.736884989567,206.179240128085,69.7591661870274,76.7766060739401,54.1757915875961,69.344346771644,119.862404111903
"cyp4v2a",40570.2402874223,21124.9637451105,21654.4538854529,11653.3587403602,16823.2460969961,15447.4237009968,33364.0303704704,14966.1315137649,19009.1002115376,9966.47752137329,14577.4818979015,12827.0662310798
"clockb",46.569702673181,67.557055360578,93.7564657402821,355.492003125253,643.634065755046,418.45653064862,98.6840807450664,274.851114776888,269.702436721277,506.263431732364,1209.19204683054,551.009260693525
"dnajb14",208.760736121156,197.572520394143,123.363770710898,162.210879973158,185.281245756163,226.799534884983,301.338889417971,449.249030244456,330.729995395434,164.395505507188,318.55059298224,236.146826011511
"nr3c2",41.7521472242313,84.127653845248,24.6727541421795,85.5440461549986,78.5747691426658,134.713066631826,42.2931774621713,75.3398994819896,29.5294638745923,29.8900919103979,34.672173385822,93.0275375196861
"txna",18415.1057036105,14167.224373682,16724.8376078454,8961.54585403945,8582.59592579921,9121.76665915456,13925.0286794199,10289.4770125865,12341.3472686546,8386.038911611,7957.26379204615,8220.41413274919
"dnaja1",313.141104181735,105.796898017509,154.615925957658,168.66703439995,155.209420528723,158.46681992681,274.905653504114,191.140115352455,124.023748273288,153.186721040789,147.356736889743,250.458754860693
"cyp2u1",2713.08664366687,2215.3615512582,1203.20797700029,7100.96285016823,8969.16438880355,8586.49372531554,1679.39158839372,1264.03609130894,639.805050616167,4677.79938397727,6201.98501438891,5876.83578369555
"prdx2",172351.25788981,82062.7023417738,71991.8068863275,40711.2992863975,33399.6122094636,46051.3689735971,157170.258528067,61071.359630095,72587.3594655979,39742.6134563627,29683.7144399369,43338.3095464307
"abca1a",2544.47220295363,2868.62552998077,11355.2238813691,32096.7717327981,28699.6769440783,17019.7269327963,8581.9905933656,7599.56356441476,32685.1792473238,33686.1335830184,34078.4124165898,18993.7185739713
"dnajb1b",149.344218917443,179.727260487575,92.1116154641368,267.123389408533,203.712364443948,186.776087552339,211.465887310857,232.995615064671,196.863092497282,298.900919103979,234.037170354298,228.99086158692
"cyp3a65",12448.5632800862,73693.2754455935,12960.5977508869,5457.06452924623,17190.8984118735,16996.2985733821,8765.26102903501,53958.7150456657,9339.18510807107,4079.99754576931,12501.4855164254,14168.8095606907
"abcf3",881.612647157806,1039.48638955757,1093.00300849855,1501.05590422922,1732.52515665187,1049.72065930984,567.433464284132,643.179512244393,716.581656690108,1124.61470812872,1135.51367838567,737.064335732898
"slc22a23",759.567909117746,718.909041950301,1369.33785489096,955.914364816941,1592.83667817602,1501.69275967603,1633.57397947637,1696.54292166851,4169.56029909244,1208.68059162671,2193.01496665324,1905.27552804742
"cyp8b1.2",566.062765251597,338.422607513839,473.716879529846,135.579242962639,89.2454168040155,146.427246338942,491.658187997742,237.181165035893,324.824102620516,134.50541359679,69.344346771644,159.220208447155
"cyp8b1.1",26281.3708258373,8391.09614035254,9202.93729503295,7075.54174211273,7529.59701339965,6335.41885826487,20919.2629022265,6122.06442457352,7382.36596864809,5660.43615553159,5989.61795240075,5273.94578092374
"cyp8b1.3",111.606701234003,86.0396459780946,42.7661071797778,68.5966407846687,71.2993275553819,72.2374415272112,91.6352178347045,27.903666474811,21.6549401747011,37.3626148879973,13.0020650196832,32.2018399106606
"aldh9a1b",2619.14431241235,2418.67004805088,4687.82328701411,2777.76044212741,2830.14677745343,2207.14669314898,1966.63275199097,1604.46082230163,3500.22578460168,2086.70204149465,2041.32420809027,1542.11033349941
"prdx1",984.387163402068,1428.25812323637,1261.60016180345,673.457608644776,359.891843850975,478.654398587963,627.348799022208,888.731777222729,779.577846289238,448.351378655968,182.028910275565,375.68813229104
"mtf2",14.4526663468493,17.8452599065678,19.7382033137436,106.930057693748,35.4071490581148,69.6342904811856,21.1465887310857,37.6699497409948,7.87452369989129,153.186721040789,54.1752709153469,153.853235128712
"abcd3b",342.849362783591,257.481607223335,235.213589488778,608.492554725178,631.023300337088,618.899161192593,225.56361313158,110.219482575503,149.615950297935,405.384371534771,357.556788041289,332.752345743493
"tfa",3469203.57723136,3261810.14150218,3685689.20959606,1671692.06572934,2337153.63993973,1677055.33146707,2825825.70099789,2354737.39684299,3249363.14583239,1755904.65806079,3723657.06696541,1466657.84460652
"dnajc1",2632.79405285104,2314.78514216622,4460.83394890605,2703.51466621929,2496.44652331667,2106.59998399624,1998.3526350876,1607.25118894911,3456.91590425228,2374.39417613223,2312.200562667,1781.83514172322
"cyp7a1",1027.74516244262,137.663433564951,540.333315713731,1977.19729320516,26585.9186482527,2959.13195156963,560.38460137377,47.4362330071786,362.228090194999,1178.79049971632,16623.140127665,1912.43149247201
"dnajb6a",517.084284853941,602.914852557611,911.247052984496,783.615743551921,841.041047490015,586.685166998026,1466.16348535527,1082.66225922267,1484.34771742951,1238.57068353711,1252.53226356282,1105.59650359935
"abcf2a",581.318357506605,1367.71170569623,2664.65744735539,3534.34103901713,3895.75645527094,2452.81907311765,507.518129546056,1011.5079097119,1984.37997237261,2697.58079491341,3022.98011707635,2175.41318507574
"keap1a",3133.01689363366,10583.5137860166,4066.06988263118,3780.88543619027,5648.6528483672,3879.9966341012,2225.67846394677,6004.86902537932,2510.00442934035,3002.08610625059,4286.34743482224,3429.49595048535
"cyp7b1",867.159980810957,79.0290081576573,406.278018207889,305.053296665938,146.478890623982,249.90250041846,1550.74984027962,484.12861333797,1112.27647260964,425.933809723169,229.703148681071,354.220239017266
"slc39a6",215.184143386423,373.475796616025,489.342957153227,552.808222794094,645.089154072503,385.9171425733,172.697141303866,195.325665323677,346.479042795217,384.834933346372,494.078470747963,305.917479151275
"slco5a1a",123.650589856377,226.88973309779,245.08269114565,316.351566912825,586.40059193508,395.678958995896,222.039181676399,558.073329496219,631.930526916276,724.834728827148,1090.00645081678,790.734068917332
"per2",266.571401508553,1126.16336624662,828.182114039159,1513.16119377946,2221.43483131734,1444.74883054422,296.052242235199,1130.09849222984,842.574035888368,1487.03207254229,2175.67887996033,1420.45893828136
"hsd11b1lb",2196.00235881293,3197.48817683037,3144.95372798981,3027.53291651393,4291.05544818003,3692.89515266811,3929.74107252675,7130.78196763794,8965.14523232624,4799.22788236326,7933.42667284339,5977.01928563983
"gpx4b",30957.6113149512,34002.230759832,12124.191385467,7321.68262963419,5398.37765776463,12757.0670949293,22949.3354204107,23991.5724350425,8973.01975602613,6760.76516398312,4537.72069186945,11558.671536821
"txn2",1363.36819205278,1120.42738984808,1667.87818001133,1073.7391831059,942.89722971199,837.563849058746,1608.9029592901,1244.50352477657,1901.69747352375,1173.18610748312,1265.5343285825,1080.55062811328
"cyp2k22",37998.4686035912,72704.7755129118,85005.039846051,23.4035597971222,46.5628261586168,54.0153842050318,22764.3027690137,39560.4231446632,55411.0546452101,14.9450459551989,47.6742384055052,53.6697331844343
"dnaja3a",4758.13893174605,3919.58387233542,4302.92832239611,4859.46673511626,6350.49044682051,4746.52053854698,3730.61069530903,3467.03055949526,3821.11262537225,4689.00816844366,6002.62001742043,4447.43188988345
"hmox2b",12.8468145305327,34.4158583912378,59.2146099412308,75.85981451481,133.868125206023,66.3803516736535,179.746004214228,390.651330647353,559.091182692282,336.263533991976,611.097055925113,288.027568089797
"abca3b",244.089476080121,370.289143061281,498.389633672026,786.843820765317,1299.87889692805,1179.55281773036,352.443145518094,445.063480273235,811.075941088803,808.900612325142,1412.89106547225,1016.14694829196
"cyp2k18",222.410476559847,302.732087700703,178.466254961765,428.930759730016,494.730027935303,408.043926464517,181.508219941819,1011.5079097119,366.165352044945,396.043717812772,613.264066761726,483.027598659909
"cyp2k19",3037.46871056282,1397.66624911083,1416.2160877611,2673.2514423437,1928.47705006938,1939.67292316985,8969.6780534355,8295.7600429613,7224.87549465026,5210.21664613123,4750.08775385761,4499.31263196174
"cyp2k21",224.016328376164,292.534796325522,113.494669054026,556.036300007491,349.706225628778,422.361257217658,190.319298579771,938.958376877389,133.866902898152,777.142389670344,398.729993936953,504.495491933682
"cyp2k16",167.811514805083,562.125687056885,61.6818853554488,62.9475056612253,76.6346513860568,108.030768410064,112.78180656579,358.562114201321,96.4629153236683,33.6263533991976,62.8433142618024,69.7706531397646
"cyp2k8",28.1024067855403,24.2185670160563,64.1491607696667,121.052895502356,104.766358856888,59.2216862970831,24.6710201862666,11.1614665899244,9.84315462486412,63.5164453095954,82.3464117913272,35.7798221229562
"cyp2k6",1.60585181631659,0,0.82242513807265,34624.3561908873,27459.9416976051,33001.4473859899,3.52443145518094,2.7903666474811,7.87452369989129,25165.5892578106,19572.4418762965,23172.8017979326
"dnajc7",1286.28730486959,1073.90224794881,1297.78686787864,1599.91576888948,2789.88933400379,1658.20721631833,1059.09165228187,1151.02624208595,1393.79069488076,1776.59233792427,3014.3120737299,1656.60576429287
"nfe2l1a",138.103256203226,502.216600227693,376.670713237274,644.808423375885,566.514384929837,479.955974110975,363.016439883637,1219.39022494924,980.378200636466,975.16424857673,977.321887312857,661.92670927469
"hmox1a",138.103256203226,897.998971726928,225.344487831906,636.738230342395,1336.74113430362,4085.32017285647,146.263905390009,789.67376123715,224.423925446902,851.867619446339,1428.06014132854,4660.32183151504
"naa60",401.462954079147,282.974835661289,248.37239169794,341.369165316645,452.532466729057,397.305928399662,433.505068987256,404.603163884759,307.10642429576,414.72502525677,513.581568277488,540.275314056639
"sult3st1",2574.98338746365,1071.99025581596,541.155740851804,2461.81238486626,1855.72263419654,2821.49034001103,2410.71111534377,2498.77333281932,653.585467090977,2776.0422861782,2505.06452712564,3418.76200384846
"hsd17b14",755.553279576954,512.413891602875,758.275977302983,320.38666342957,486.484527469715,286.997402824326,1353.38167878948,848.271460834253,1307.17093418195,470.768947588766,777.956890344381,486.605580872204
"aldh16a1",2623.15894195315,2282.28127590783,1150.57276816364,2446.07550845095,4428.31877946012,2234.805173013,1986.01712499446,1393.78814041681,822.88772663864,1752.30663824707,3211.51005986176,1520.64244022564
"fthl27",7205.45709981253,10407.6105097947,6391.88817310064,5361.43274179937,4510.28875467685,5414.55417573331,12317.8879358574,15677.6750088725,10585.3284835789,11462.8502476376,8943.25372270546,10746.4695746299
"fthl28",50.5843322139725,52.8984490087545,18.0933530375983,12.1052895502356,16.976030370329,8.7856347803365,63.439766193257,78.1302661294707,23.6235710996739,14.9450459551989,30.3381517125942,7.15596442459124
"fthl31",358.104955038599,219.241764566404,351.997959095094,87.5615944133712,99.9160644653652,87.5309539226118,415.882911711351,286.012581366812,403.569339619429,138.24167508559,125.686628523605,150.275252916416
"hsd3b7",17231.5929149851,13622.9439465316,9351.7962450241,3038.02416745747,2589.57217563391,8002.08631548278,11665.8681166489,9000.32762145027,6220.87372291412,2329.55903826663,1917.80459040328,6349.12943571858
"rarab",25.6936290610654,64.3704018058337,67.4388613219573,335.316520541527,431.67620084551,263.894437290848,112.78180656579,199.511215294898,309.075055220733,539.889785131561,814.796074566817,518.807420782865
"aldh3b1",73.869183550563,40.7891655007263,21.3830535898889,330.474404721433,417.125317670942,314.330488807595,38.7687460069904,33.4843997697731,11.8117855498369,250.329519749582,316.383582145626,243.302790436102
"clpp",2970.82586018569,1487.52987935461,2871.90858214969,2124.88182571803,2184.08756450262,1846.93566715518,2058.26796982567,916.63544369754,2352.51395534252,1752.30663824707,1568.91584570845,1449.08279597973
"thraa",770.808871831962,263.854914332823,750.051725922257,843.738681651424,889.058961966089,802.4213099374,807.094803236436,538.540762963851,1694.9912264016,1053.62573984152,1490.90345559035,1064.44970815795
"abcc1",57.0077394792389,117.268850814588,139.812273472351,1493.3892208474,838.615900294254,1204.60814654836,52.8664718277142,82.3158161006923,139.77279567307,1094.72461621832,615.43107759834,1007.20199276122
"abcc6b.2",514.675507129466,105.796898017509,787.883282273599,131.140636794219,101.371152782822,147.403427981201,357.729792700866,89.2917327193951,513.812671417907,61.6483145651956,54.1752709153469,87.6605642012427
"cyp3c4",301.900141467518,288.710812059829,618.463703830633,628.26452765723,147.933978941439,163.998515899615,165.648278393504,276.246298100628,395.694815919537,427.801940467569,60.6763034251885,152.064244022564
"cyp3c3",165.402737080608,748.863585364897,2001.78278606883,237.667184836293,135.808242962632,206.299720397531,250.234633317847,1785.8346543879,2080.84288769627,209.230643372785,123.519617686991,551.009260693525
"cyp3c2",197.51977340694,246.009654426256,196.559607999363,575.001253636193,493.274939617846,591.566075209324,133.928395296876,100.453199309319,64.9648205241032,354.944841435975,288.212441269645,338.119319061936
"cyp3c1",22974.9219360414,16745.864430181,45335.3633111168,41536.0730144202,18362.7295368653,16034.7596557564,15648.4756610034,10154.1442301837,27795.1000296913,28567.4553433628,12763.6938276557,10837.7081210434
"mafk",4.81755544894976,6.37330710948849,6.5794011045812,20.9825018870751,9.70058878304516,4.55551433054485,82.8241391967522,136.727965726574,218.518032671983,160.659244018388,158.191791072813,75.137626458208
"slc16a5b",22.4819254284322,12.746614218977,21.3830535898889,96.0352970985361,182.371069121249,65.7295639121471,52.8664718277142,26.5084831510704,27.5608329496195,100.879060197593,203.699018641704,114.49543079346
"dnajb1a",298.688437834885,196.297858972245,301.00760053459,196.105690713817,269.676368168655,165.300091422627,274.905653504114,136.727965726574,232.298449146793,244.725127516382,238.371192027526,216.467923843885
"dnajc2",38.5404435915981,307.830733388294,212.185685622744,660.141790139517,808.059045627662,364.441146443588,49.3420403725332,142.308699021536,188.988568797391,603.406230441157,652.270261820776,298.761514726684
"aldh1l2",19.270221795799,22.9439055941586,110.204968501735,152.526648332969,244.454837332738,67.6819271966664,56.3909032828951,58.597699597103,157.490473997826,153.186721040789,164.692823582654,69.7706531397646
"hspa14",2302.79150459799,1602.88673803635,1148.10549274942,3201.04206673398,3904.00195573652,3196.01869675797,1991.30377217723,1551.44385599949,1098.49605613484,3022.63554443898,3369.70185093457,2894.58760974716
"hsp90b1",18004.8105645416,15552.7813392848,93526.1867016218,31997.5083584862,22748.3657256801,19982.763610935,12393.6632121438,10050.9006642269,68262.2773234326,25565.3692371122,17661.1383184031,15020.369327217
"mgst1.1",598.982727486087,771.807490959056,990.199866239471,505.194083896501,430.706141967205,228.751898169502,1853.85094542518,2715.02674799911,3216.74293140559,1290.87834438031,1027.16313655498,783.578104492741
"mgst1.2",39167.5287258697,36195.923066918,41678.0387221077,38066.6970293227,19985.6380402688,21683.597425632,29508.3023585025,24299.9079495891,29551.118814767,32625.0353201993,17570.1238632653,18335.3698469089
"abcc9",67.4457762852967,113.444866548895,202.316583965872,315.544547609476,248.335072845956,228.426504288749,35.2443145518094,36.2747664172542,90.5570225487499,160.659244018388,99.6824984842382,141.330297385677
"akr1b1.1",9116.42076122927,5100.55767972364,2072.51134794308,454.755377437186,778.472249839374,843.746332793057,6100.79084891821,3066.61294558172,1248.11200643277,440.878855678368,702.111511062895,683.394602548463
"akr1b1.2",942.635016177837,461.427434726967,307.587001639171,494.702832952963,420.520523745008,694.71593540809,909.303315436684,544.121496258814,204.737616197174,517.472216198763,559.08879584638,776.422140068149
"dnajb9b",189.490514325357,44.6131497664194,903.02280160377,215.474153994194,70.8142981162297,49.459869874487,109.257375110609,83.7109994244329,685.083561890542,280.21961165998,67.1773359350301,76.9266175643558
"pparaa",200.731477039573,661.549277964905,639.846757420522,487.036149571147,542.262912972224,491.670153818091,426.456206076894,2021.62063610005,2210.77252874448,915.384064755934,1057.50128826757,1100.2295302809
"slco1d1",66824.3116323821,45984.6854563813,58934.162969148,31508.051151005,41490.8733134016,34138.0482114609,57282.5844410559,37570.8917250092,58519.5228757421,26047.3469691673,33911.5525821705,27037.0225872118
"hspa5",6686.76696314227,3238.2773423311,91557.3009210758,19721.1307159406,6306.83779729681,5028.63703316001,4796.75121050126,2084.40388566838,60196.796423819,15389.6610723661,4412.03406334585,3925.04648688829
"hspb1",308.323548732785,433.384883445217,416.147119864761,342.983203923343,297.808075639486,413.901016318075,292.527810780018,368.328397467505,374.039875744836,388.571194835172,268.70934374012,416.83492773244
"prdx4",15065.2988147741,11760.6636091391,10082.1097676326,18071.1797502434,18334.5978293945,20996.690943362,7161.64471692768,4472.9577359122,4449.10589043858,10881.8615861292,10440.6582108056,11866.3780070784
"ugt2b1",888.838980331231,949.622759313785,783.771156583236,809.44036125909,1252.34601189113,791.032524111038,999.176317543798,676.663912014166,468.534160143532,577.252400019559,931.814659743966,493.761545296795
"ugt2b5",261.753846059604,404.705001452519,473.716879529846,253.404061251599,493.274939617846,238.513714592098,167.410494121095,195.325665323677,240.172972846684,218.571297094784,290.379452106259,211.100950525442
"ugt2b6",636.720245169527,708.71175057512,367.624036718475,908.703735571022,1053.96897127786,1055.57774916339,366.540871338818,330.65844772651,216.549401747011,562.30735406436,619.765099271568,602.890002771812
"gstt2",1540.01189184761,946.436105759041,1916.25057170927,1016.03730291645,1101.01682687563,1066.96653498975,2340.22248624015,2253.22106784098,4399.89011731426,1287.14208289151,1319.70959949785,1397.20205390144
"hspb8",1161.03086319689,416.814284960547,666.164361838847,496.316871559661,726.574099850082,620.851524477113,2433.61991980244,1169.16362529458,1693.02259547663,1208.68059162671,1623.09111662379,1166.42220120837
"slc39a14",123.650589856377,203.945827503632,194.092332585145,248.561945431505,329.820018623535,283.092676255287,116.306238020971,132.542415755352,155.521843072853,169.999897740388,288.212441269645,268.348665922171
"aldh3b4",0,1.2746614218977,2.46727541421795,19.368463280377,2.91017663491355,7.15866537657048,63.439766193257,78.1302661294707,72.8393442239945,28.021961165998,47.6742384055052,50.0917509721387
"npas2",8.02925908158294,38.2398426569309,44.4109574559231,124.684482367427,191.586628465142,145.776458577435,59.915334738076,340.424730992694,84.6511297738314,274.61521942678,504.913524931033,348.853265698823
"abca2",24.0877772447488,90.5009609547365,18.0933530375983,68.5966407846687,52.3831794284439,102.824466318012,38.7687460069904,126.96168246039,39.3726184994565,82.1977527535941,56.3422817519607,155.642226234859
"cyp1d1",1931.0368091207,4746.83913514703,3208.28046362141,1624.52985764162,2652.14097328455,1708.31787395432,1695.25152994203,4115.79080503462,3620.31227102502,1374.9442278783,2368.54284441896,1579.67914672852
"abcb9",51.3872581221308,297.633442013112,24.6727541421795,148.895061467898,59.1735915765755,205.974326516778,28.1954516414476,209.277498561082,31.4980947995652,85.9340142423938,47.6742384055052,146.69727070412
"abcg4a",1.60585181631659,3.18665355474424,0,8.07019303349043,4.85029439152258,5.53169597280446,28.1954516414476,22.3229331798488,11.8117855498369,11.2087844663992,17.336086692911,21.4678932737737
"ar",272.99480877382,736.11697114592,905.490077017988,3280.53346811386,5571.53316754199,2536.77069435198,828.241391967522,3640.03329163909,4492.41577078798,5841.64483773838,11110.2645593193,4966.23931066632
"hsd20b2",700.95431782219,968.105349931301,1940.10090071338,1341.66959181778,867.232637204237,1210.46523640192,1117.24477129236,1275.19755789886,2909.63650710983,1544.94412561869,1098.67449416323,1459.81674261661
"akr1a1a",8943.79169097523,8980.62704798023,7182.23873078845,3015.83113661537,2591.51229339051,3143.30488807595,4680.44497248029,4445.05406943739,3880.17155312143,2366.92165315463,1809.45404857259,2177.20217618188
"slc30a5",4642.51760097125,2841.85764012092,4113.7705406394,3137.69105142108,2001.71649538137,2070.48126323263,2144.6165404776,1058.94414271908,1779.64235617543,1529.99907966349,1243.86422021636,1121.69742355468
"slc31a1",2389.50750267908,927.953515141524,2682.75080039298,2888.32208668622,3443.22398854188,2314.85206767829,16402.7039924121,10025.7873643996,28690.8271005539,12568.7836483223,16503.9545316513,10549.6805529536
"ptgs1",73.869183550563,127.46614218977,74.0182624265385,64.5615442679234,27.1616485925264,50.7614453974998,14.0977258207238,34.8795830935137,27.5608329496195,44.8351378655968,34.672173385822,28.623857698365
"aldh2.1",7059.32458452772,7656.89116133947,15228.0238565532,4268.32509541309,5693.76058620836,4912.47141773112,5279.59831986105,4849.65723332214,10486.8969373302,3373.84412438616,4212.66906637737,4053.85384653094
"aldh2.2",16032.8245341048,18666.7791929808,14974.7169140268,7232.9105062658,9816.0257895634,8839.97555842228,11627.0993706419,11966.4873677227,10984.9605613484,5867.79866815998,7122.96461994981,6926.97356300432
"ugt2a5",1730.30533208112,1634.11594287285,1437.59914135099,604.053948556759,570.394620443055,509.566817259517,1120.76920274754,979.418693265865,661.459990790869,405.384371534771,403.064015610181,475.871634235317
"ugt2a1",6017.12675573825,1980.82384962902,2631.76044183248,2288.30323464621,3003.30228723078,2452.81907311765,3575.53571128107,876.175127309064,1145.74319833418,1647.69131656068,2249.3572484052,1619.03695106377
"ugt2a2",62.6282208363469,105.15956730656,115.961944468244,223.544347027685,224.568630327495,194.585540690416,37.0065302793999,55.8073329496219,45.2785112743749,155.054851785189,160.358801909427,144.908279597973
"ugt2a3",2546.07805476995,1672.99311624073,1840.58745900659,1559.56480372203,1776.17780617557,1346.80527243751,1224.73993067538,842.690727539291,836.66814311345,900.439018800736,1011.99406069868,656.559735956246
"ugt2a4",53.7960358466057,154.234032049621,43.5885323178505,43.5790423808483,51.8981499892916,54.6661719665382,49.3420403725332,55.8073329496219,17.7176783247554,28.021961165998,47.6742384055052,30.4128488045128
"dnajc25",168.614440713242,65.0077325167826,152.971075681513,497.930910166359,338.550548528276,291.55291715487,606.202210291122,421.345363769645,783.515108139184,922.856587733534,784.457922854223,593.945047241073
"keap1b",735.480131872997,1018.45447609626,929.340406022095,971.247731580573,1179.10656657914,1057.53011244791,616.775504656665,825.948527654404,856.354452363178,861.208273168338,998.991995678996,948.165286258339
"hmox1b",44336.7657225928,50319.1716215445,18294.8471964261,6759.59368485158,11652.3472461938,7892.75397154971,25229.6425719128,23028.8959416615,9894.33902891341,5058.89805583484,7727.56064336508,5231.0099943762
"abcc4",1593.80792769421,1351.14110721156,1319.9923466066,2654.286488715,1654.43541694835,1332.81333556512,2354.32021206087,2108.12200217197,1976.50544867271,2606.04238843781,1510.40655311987,1322.06442744323
"cyp27a2",1033.36564379972,780.73012091234,687.547415428735,2472.70714546147,3436.43357639375,2354.55012113018,1818.60663087337,1808.15758756775,1767.8305706256,2772.3060246894,4119.48760040298,2622.66096161269
"cyp20a1",8136.85115327615,3156.0616806187,5636.07947121187,2960.14680468429,2427.0873135179,3015.09969905919,4426.68590770726,1545.86312270453,3145.87221810657,1954.06475864226,1553.74676985215,1964.31223455029
"nfe2l2b",86.7159980810957,173.353953378087,354.465234509312,100.87741291863,104.766358856888,103.800647960272,126.879532386514,152.07498228772,287.420115046032,100.879060197593,130.020650196832,73.3486353520602
"slc15a1b",33.7228881426483,5846.87194224474,9.8691016568718,26.6316370105184,3.88023551321806,1356.24169497935,299.57667369038,19593.9545986123,11.8117855498369,82.1977527535941,13.0020650196832,5715.82658414225
"aldh1l1",96616.8774545956,123215.146347741,108546.136998243,28720.2029675857,159906.445617473,57936.3804681079,52358.9536981681,54498.6509919533,53475.8904459618,18926.032571515,112400.685084325,36921.1984486785
"slco2a1",2851.99282577826,3887.71733678798,8516.21230474229,3917.27169845625,4006.8281968368,4940.12989759514,8983.77577925623,9322.61496923434,26263.5051700624,7498.67680802106,7376.50488783363,10390.4603445065
"dnajc6",32.1170363263317,12.746614218977,26.3176044183248,85.5440461549986,158.119597163636,86.5547722803522,31.7198830966285,2.7903666474811,55.121665899239,82.1977527535941,188.529942785407,139.541306279529
"akr1a1b",1872.42321782514,1793.44862061006,2435.20083383312,1511.14364552108,1357.59740018717,1363.72575423668,958.645355809217,817.577427711961,1285.51599400725,956.482941132732,851.635258789253,939.2203307276
"hsd17b7",165.402737080608,73.9303624700665,55.9249093889402,63.7545249645744,29.1017663491355,81.9992579498073,225.56361313158,83.7109994244329,27.5608329496195,44.8351378655968,39.0061950590497,93.0275375196861
"vdrb",89.9277017137289,411.715639272956,177.643829823692,138.807320176035,117.377124274846,159.44300156907,167.410494121095,620.856579064544,372.071244819864,212.966904861585,147.356736889743,250.458754860693
"gpx1b",769.203020015645,17778.9775126291,210.540835346598,96.0352970985361,53.3532383067484,1920.47468420541,842.339117788246,15220.0548786856,185.051306947445,56.043922331996,56.3422817519607,2223.71594494173
"ncoa5",330.805474161217,826.617932100657,710.57531929477,851.001855381566,916.705639997768,1211.76681192493,338.345419697371,541.331129611333,641.77368154114,797.691827858743,741.117706121945,983.945108381295
"nat8l2",32.1170363263317,45.8878111883171,29.6073049706154,92.8072198851399,73.7244747511432,44.2535677824357,7.04886291036189,19.5325665323677,0,44.8351378655968,60.6763034251885,28.623857698365
"cyp24a1",35235.6005536186,25311.5891853335,15428.6955902429,9266.19564105371,30585.9564329414,10105.7577545522,26242.9166152773,15323.2984446424,9638.41700866694,7248.34728827148,22151.184771867,7256.14792653552
"arnt2",19.270221795799,33.1411969693401,33.7194306609787,159.386312411436,167.335156507529,187.426875313845,165.648278393504,265.084831510704,283.482853196087,233.516343049983,273.043365413348,250.458754860693
"fth1a",39822.7162669269,78133.5585087741,44565.5733818808,19288.9718789971,33811.4022033039,25792.0205640219,39804.9288548136,73672.6554101196,41311.7199605547,24315.5897691087,42670.6103837638,30727.7112391948
"clpxa",2547.68390658627,2660.2183875005,9095.19960194544,8089.15798711913,8990.99071356541,6552.45657672726,4269.84870795171,4475.74810255968,14928.1283040689,9206.14830840254,10761.3758146245,7918.07463581021
"slc39a1",992.416422483651,1314.17592597653,1151.39519330171,556.84331931084,817.759634410707,717.818900941567,944.547629988493,1104.98519240251,1078.80974688511,444.615117167168,663.105316003846,751.37626458208
"dnajc3b",96.3511089789952,128.740803611667,277.979696668556,199.333767927214,102.826241100279,104.451435721778,260.80792768339,545.516679582554,946.911474911928,328.791011014376,177.694888602338,180.688101720929
"ugt5g1",1329.64530391013,480.547356055432,890.68642453268,612.931160893598,552.933560633574,767.929558577561,1298.75299123418,551.097412877516,1023.68808098587,554.83483108676,561.255806682993,728.119380202159
"txnb",42174.4862519225,16114.9070263416,34778.7142388162,11235.726250877,7408.82468305074,7339.90976815002,32967.5318317625,10883.8251085,25891.4339252426,9858.12593819809,6407.85104386723,6136.23949408699
"cyp26b1",1.60585181631659,7.64796853138619,18.0933530375983,51.6492354143387,37.8322962538761,243.394622803396,24.6710201862666,33.4843997697731,35.4353566495108,67.2527067983952,82.3464117913272,393.578043352518
"nat16l",11.2409627142161,38.2398426569309,4.9345508284359,70.2106793913667,41.7125317670942,146.752640219695,17.6221572759047,39.0651330647353,7.87452369989129,78.4614912647944,39.0061950590497,146.69727070412
"hsbp1a",40.1462954079147,54.810441141601,19.7382033137436,11.2982702468866,9.2155593438929,14.9681185146474,66.9641976484379,69.7591661870274,23.6235710996739,18.6813074439987,34.672173385822,25.0458754860693
"cyp2r1",179.855403427458,145.311402096338,3479.68075918538,472.10629245919,1271.74718945722,167.252454707147,137.452826752057,173.002732143828,4323.11351124032,481.977732055165,1241.69720937975,203.94498610085
"aldh1a2",100.365738519787,893.537656750286,80.5976635311197,65.3685635712725,52.3831794284439,74.5151986924836,218.514750221219,2092.77498561082,137.804164748098,48.5713993543965,56.3422817519607,234.357834905363
"slc39a13",93.1394053463621,76.4796853138619,55.1024842508676,334.913010889853,258.035661629001,301.314733577467,91.6352178347045,22.3229331798488,31.4980947995652,222.307558583584,184.195921112179,198.578012782407
"nr1h3",654.384615149009,462.702096148864,562.538794441693,1533.74018601486,2511.48243593039,1824.80888326397,2523.49292190956,2578.29878227253,4147.90535891774,3489.66823053895,5647.23024021576,4261.37681484408
"hsd11b2",18653.5746983335,12522.9111394339,14014.946777896,1580.5473056091,3249.21221288098,1521.86718028273,23247.1498783735,13264.0078588014,18154.7143900994,1440.3288039323,2968.80484616101,1799.7250527847
"abcc12",1186.72449225796,3606.65449325954,807.621485587342,2323.81208399357,2943.64366621505,2781.14149879763,995.651886088617,2671.77606496315,492.157731243206,1841.97691397827,1922.13861207651,1862.33974149987
"slc67a1",14011.0570973622,7062.89893873514,12046.0609973501,2650.65490184993,2501.78184714735,3254.9149891743,9205.81496093262,4979.40928243002,7994.61018631464,1795.27364536827,1848.46024363163,2501.00956639464
"dnajb6b",64.2340726526635,146.586063518235,149.681375129222,171.491601961672,86.3352401691019,145.451064696682,123.355100931333,241.366715007115,200.800354347228,246.593258260782,121.352606850377,311.284452469719
"abcf2b",49.7814063058142,188.649890440859,34.5418557990513,98.4563550085832,292.472751808812,245.672379968669,47.5798246449427,216.253415179785,11.8117855498369,143.84606731879,262.208311230279,273.715639240615
"dnaja2a",15382.4545484966,14485.2523984454,21840.3219666573,9464.3188800259,17034.7189324665,12946.120939647,13502.0969047982,13184.4824093482,21954.1720752969,8548.56628637379,16352.2637730883,11848.4880960169
"hsd17b12b",3969.6656899346,4655.70084348134,1847.16686011117,3480.67425534442,2667.17688589827,2888.84687332694,5431.14887243383,6602.00748794027,3039.56614815804,3876.37129462972,2830.11615261772,3468.8537548206
"per1b",197.51977340694,640.517364503593,299.362750258445,1090.68658847623,1636.48932769972,957.308797175925,817.668097601979,1264.03609130894,846.511297738314,1150.76853855032,1885.29942785407,1411.51398275062
"cyp2x10.2",14504.8565308796,3440.31117770189,20925.7852131205,1331.9853601776,1231.97477544674,1835.22148744807,6742.23737376115,1411.92552362543,9156.1024320486,836.92257349114,654.43727265739,992.890063912034
"cyp2x12",2410.3835762912,12864.5204005025,379.137988651492,11371.3054938397,8873.61358929056,18255.2474980162,1441.49246516901,6754.08247022799,220.486663596956,8244.06097503661,6212.82006857198,12286.7909170232
"slc22a31",623.873430638994,1656.42251775606,2051.95071949126,1438.91541787134,1363.90278289615,1120.00573755253,796.521508870893,1916.98188681951,3110.43686145706,1442.1969346767,1326.21063200769,1089.49558364402
"sult5a1",9.63511089789952,20.3945827503632,16.448502761453,25.0175984038203,1.94011775660903,14.6427246338942,31.7198830966285,19.5325665323677,35.4353566495108,22.4175689327984,0,35.7798221229562
"nqo1",3470.24577506015,5493.79072837908,4782.40217789246,1102.79187802647,1089.86114977512,1051.99841647511,3284.77011622864,4043.24127220011,3767.95959039798,958.351071877131,946.983735600263,1021.5139216104
"cyp7a1b",821.393204045934,795.388727264163,545.267866542167,993.440762422672,750.340542368543,1455.48682860908,752.466115681131,587.372179294771,547.279397142445,906.043411033935,537.418687480241,1465.18371593506
"hspa12b",78.6867389995128,47.1624726102148,54.2800591127949,211.842567129124,99.4310350262129,277.560980282483,42.2931774621713,41.8554997122164,21.6549401747011,158.791113273989,67.1773359350301,280.871603665206
"bmal1b",70.6574799179298,121.73016579123,72.3734121503932,369.614840933862,667.885537712659,403.488412133973,95.1596492898855,64.1784328920652,94.4942843986955,311.977834314778,515.748579114102,452.614749855396
"hnf4b",4628.0649346244,8800.89978749265,10733.4704769862,11506.4812271507,13166.124125788,13889.4377999505,3762.33057840566,6158.33919099078,10158.1355728598,10452.1915149173,11209.9470578036,12041.6991354809
"sod3a",8076.63171016428,7205.66101798769,6335.9632637117,1399.77498165891,1629.21388611243,1583.36662374509,7478.84354789396,5623.98397799815,5539.72742287352,1244.17507577031,1707.60453925173,1593.9910755777
"hsd17b4",7639.03709021801,14956.8771245476,9705.43905439535,4396.64116464559,14622.1825021231,6261.22905345314,5489.30199144432,9557.00576762275,6833.11794058067,3463.51440011735,11541.4997158055,4737.2484490794
"hsp70l",94.7452571626787,66.2823939386803,44.4109574559231,8.87721233683947,23.2814130793084,4.55551433054485,42.2931774621713,44.6458663596975,23.6235710996739,3.73626148879973,13.0020650196832,10.7339466368869
"abcd1",101.168664427945,108.346220861304,347.063408266658,891.352820549018,808.544075066814,916.634562081775,51.1042561001237,75.3398994819896,240.172972846684,780.878651159144,602.429012578657,731.697362414454
"nr1h5",6000.26531166693,6127.93478577318,9984.24117620197,4296.16726137863,3633.35552868956,3193.74093959269,3600.20673146733,3193.57462804211,6132.28533129034,3385.05290885256,2713.09756744057,2409.7710199811
"ugt5e1",931.394053463621,340.334599646685,725.378971780077,193.68463280377,144.538772867373,201.744206066986,867.010137974512,459.01531351064,740.205227789781,194.285597417586,112.684563503921,228.99086158692
"gclm",602.19443111872,639.242703081695,599.547925654962,490.264226784544,573.304797077969,362.488783159069,616.775504656665,1021.27419297808,759.89153703951,530.549131409562,563.422817519607,441.880803218509
"aldh9a1a.2",421.536101783104,298.270772724061,287.848798325428,75.4563048631355,439.921701311098,120.395735878685,162.123846938323,170.212365496347,210.643508972092,20.5494381883985,268.70934374012,67.9816620336168
"aldh9a1a.1",95365.1159637769,50285.3930938642,72974.6049263243,11323.6913549421,57665.6350502511,17598.2772527755,67323.6896568664,33713.2098348666,51654.9068403619,8922.19243525376,51672.3733990578,14276.1490270595
"ppardb",1067.89145785053,1037.57439742473,1326.57174771118,1737.91606976216,2378.09934016352,1773.07125622421,1504.93223136226,1335.1904408197,1937.13283017326,1866.26261365547,2700.09550242089,1903.48653694127
"gstm.1",3690.24747389552,2955.30250666981,1927.76452364229,2147.4783662118,3068.29623207718,3246.45474827471,3466.27833617046,2148.58231856044,2222.58431429432,2262.30633146824,3131.33065890705,3567.24826565873
"gstm.2",285.841623304353,8.92262995328388,230.279038660342,182.789872208558,69.3592097987729,191.006208002131,652.019819208475,18.1373832086271,594.526539341793,280.21961165998,112.684563503921,407.889972201701
"gstm.3",1723.88192481586,1272.1120990539,683.435289738372,423.685134258248,351.646343385387,445.464222751136,1416.82144498274,835.714810920588,496.094993093151,416.59315600117,270.876354576734,338.119319061936
"hsd17b3",5536.17413675144,10109.9770677816,12865.1964348705,26.6316370105184,18.4311186877858,21.1506022489582,7522.89894108372,9455.15738498969,18794.5194407155,29.8900919103979,13.0020650196832,35.7798221229562
"gstt1a",165381.058081088,71423.1034531937,90940.4820675214,30485.1541840101,50514.8460288294,49653.4792335351,95492.7080624001,34809.8239273267,48416.5089687816,21743.17373407,35668.9983706644,33121.3813392205
"slc15a4",69.0516281016132,114.719527970793,147.214099715004,272.772524531977,292.957781247964,260.640498483316,65.2019819208475,212.067865208563,202.768985272201,235.384473794383,234.037170354298,286.23857698365
"gpx8",77.0808871831962,57.3597639853964,42.7661071797778,353.474454866881,265.796132655437,340.361999267851,81.0619234691617,69.7591661870274,27.5608329496195,508.131562476764,325.051625492081,357.798221229562
"sult1st1",321.973289171476,392.595717944491,307.587001639171,504.790574244826,941.927170833685,1282.05189016762,285.478947869656,290.198131338034,287.420115046032,470.768947588766,808.295042056975,1178.94513895141
"sult1st2",248.907031529071,1500.27649357359,15.6260776233804,271.158485925278,19.8862070052426,258.037347437291,310.149968055923,7098.69275119191,27.5608329496195,226.043820072384,32.5051625492081,1917.79846579045
"sult1st3",10106.4284059884,7198.0130494563,15783.1608247522,5566.41564485002,5377.52139188108,4907.91590340057,12132.8552844604,8774.30792300431,17132.9949400385,7173.62205849549,6030.79115829641,6599.58819057927
"sult1st4",4196.09079603524,2779.39923044793,3465.69953183815,2587.70739618871,1791.69874822844,3463.4924667371,3674.21979202613,2564.34694903513,3718.74381727366,2738.6796712902,2088.99844649578,4064.58779316782
"slc15a1a",45.7667767650227,3911.29857309309,3.2897005522906,17.7544246736789,8.73052990474064,276.910192520976,66.9641976484379,3349.83516030106,5.90589277491847,16.8131766995988,0,266.559674816024
"nfe2l2a",3294.40500117348,2082.15943266989,1222.12375517596,1876.31988028652,4023.31919776798,2939.28292484369,10368.8773411423,11434.9225213775,7368.58555217328,2706.92144863541,7649.54825324698,5647.84492210863
"dnajb2",306.717696916468,211.593796035018,259.886343630957,365.176234765442,450.592348972448,328.647819560736,687.264133760284,682.244645309128,801.232786463939,825.713789024741,1202.6910143207,674.449647017724
"nr1i2",582.121283414763,293.809457747419,465.49262814912,1206.49385850682,1123.81321051578,1792.26949518865,1862.66202406313,1463.54730660383,2441.1023469663,1819.55934504547,1917.80459040328,3366.88126177018
"ugt1a6",50.5843322139725,7.01063782043734,0,129.930107839196,121.742389227217,259.664316841057,49.3420403725332,2.7903666474811,0,93.4065372199933,47.6742384055052,125.229377430347
"ugt1a5",2368.63142906697,235.812363051074,399.698617103308,368.807821630513,545.65811904629,634.192673587994,1215.92885203743,55.8073329496219,185.051306947445,239.120735283183,338.053690511764,375.68813229104
"ugt1a4",4866.53392934742,1752.65945510933,1215.54435407138,537.071346378788,757.615983955827,522.907966370398,2378.99123224714,739.44716158249,549.248028067418,388.571194835172,416.066080629864,288.027568089797
"ugt1ab",11856.0039598654,6829.63589852786,1186.75947423883,3988.28939715097,6969.38801117879,8492.12949989711,5108.66339428478,2689.91344817178,523.655826042771,2163.29540201505,4370.86085745018,4697.89064474415
"ugt1a2",99.5628126116284,329.499977560555,8.2242513807265,245.737377869784,168.790244824986,250.87868206072,28.1954516414476,142.308699021536,11.8117855498369,153.186721040789,78.0123901180995,144.908279597973
"ugt1a1",1712.64096210164,992.961247658307,763.210528131419,286.088343037236,147.933978941439,445.464222751136,831.765823422703,366.933214143764,350.416304645163,110.219713919592,108.350541830694,250.458754860693
"abcb6b",27.299480877382,17.8452599065678,11.5139519330171,59.7194284478292,34.9221196189626,80.3722885460413,24.6710201862666,8.37109994244329,23.6235710996739,46.7032686099967,60.6763034251885,51.8807420782865
"dnajc15",513.872581221308,276.6015285518,360.222210475821,415.614941224757,268.221279851199,266.172194456121,581.531190104856,323.682531107807,334.66725724538,384.834933346372,270.876354576734,336.330327955788
"cyp27a3",2920.24152797171,3186.65355474424,3737.09982740212,2190.2503892893,3158.02667832035,3260.77207902785,2262.68499422617,2625.73501527971,3100.5937068322,1688.79019293748,2398.88099613156,2527.84443298686
"slc39a10",44.9638508568644,75.2050238919642,36.1867060751966,144.456455299479,87.3052990474064,145.776458577435,133.928395296876,580.396262676068,102.368808098587,125.164759874791,112.684563503921,304.128488045128
"dnajc3a",1780.8896642951,866.769766890434,6779.25041313286,4466.44833438528,2382.46460511589,1972.53770512592,1561.32313464516,747.818261524934,6317.33663823779,4285.49192765329,2054.32627310995,2003.67003888555
"hspd1",6473.18867157216,3004.37697141287,2820.91822358919,4128.30724628203,9347.00232190316,3539.3092409526,6284.06128458762,3247.986777668,3271.86459730483,3166.48161175777,7346.16673612103,2658.44078373565
"hspe1",18049.7744153984,5906.78102907393,8997.33101051479,3598.90258328506,5165.07849753239,3638.55437458232,14703.9280310149,4076.72567196988,6864.61603538023,3043.18498262738,4037.14118861165,3093.16562252956
"dnajb11",1456.50759739914,705.525097020376,6006.99320848264,2376.67184836293,1261.07654179587,691.136602719805,1536.65211445889,892.917327193951,5462.95081679958,2318.35025380023,1031.4971582282,660.137718168542
"dnajc28",748.32694640353,1143.37129544223,1115.20848722651,662.562848049564,770.711778812938,681.049392416455,579.768974377265,658.526528805539,887.852547162743,526.812869920762,689.109446043212,493.761545296795
"slc15a2",33.7228881426483,53.5357797197033,24.6727541421795,308.684883531009,409.849876083658,206.299720397531,17.6221572759047,33.4843997697731,3.93726184994565,214.835035605985,385.72792891727,205.733977206998
"cyp27a1.1",2627.97649740209,7222.8689471833,2105.40835346598,3053.76104387278,1709.24374357256,3646.03843383965,2315.55146605388,6501.55428863095,1972.56818682277,2551.86659685022,1449.73024969468,3157.56930235088
"cyp27a1.2",270.586031049345,458.878111883171,64.9715859077394,386.965755955866,114.951977079085,505.987484571232,183.270435669409,274.851114776888,51.1844040492934,287.692134637579,93.1814659743966,345.275283486527
"cyp27a1.4",463.288249007335,646.253340902133,199.849308551654,359.123589990324,278.406898073396,635.494249111007,234.374691769533,369.723580791245,177.176783247554,192.417466673186,199.364996968476,348.853265698823
"dnajc10",810.955167239877,462.702096148864,508.258735328898,761.826222361497,571.849708760512,667.708243305574,495.182619452923,273.455931453147,338.604519095326,625.823799373955,439.903199832617,540.275314056639
"hsdl2",19491.0264205426,28860.8839146077,40203.4304495434,12521.3080011121,13278.1659262322,14686.0020200343,10021.720842807,12764.5322289023,19278.8026482589,8180.54452972701,8845.73823505784,9606.88224001374
"aldh7a1",20150.2285911405,20750.2132870726,18094.9978878744,8493.87816774868,16494.3961372508,10255.7643335795,10254.333318849,9385.39821880267,9331.31058437118,5163.51337752123,10666.0273378135,6397.43219558457
"per1a",54.598961754764,239.636347316767,65.794011045812,326.842817856362,418.580405988399,333.203333891281,172.697141303866,428.321280388348,159.459104922799,366.153625902374,420.400102303092,347.064274592675
"bach1b",367.740065936498,577.421624119657,891.508849670753,1113.68663862168,1042.3282647382,684.628725104741,313.674399511104,471.571963424305,878.009392537879,1062.96639356352,1107.34253750969,703.073504716089
"sod1",60654.6289540938,39483.9122047031,41332.6201641172,17636.59985539,17909.7120406971,22189.2595163225,44457.1783756524,27175.3807798184,28993.9962629997,15882.8475888877,15741.1667171632,19272.8011865304
"ugt5d1",6000.26531166693,1778.15268354729,2639.98469321321,1211.33597432691,1089.37612033597,2310.6219472285,3166.70166248008,913.845077050059,1246.1433755078,767.801735948345,676.107381023529,1481.28463589039
"hspa8",272766.777815903,231497.63413795,299759.981600134,188621.79720421,382051.868866964,258615.572363389,204108.636648166,162445.379933083,228193.853668225,163749.132269626,362133.514928218,216845.400967282
"pparg",153.358848458234,316.116032630629,306.764576501098,474.527350369237,659.640037247071,445.464222751136,149.78833684519,213.463048532304,188.988568797391,375.494279624373,554.754774173152,332.752345743493
"dnajc14",33.7228881426483,38.2398426569309,72.3734121503932,392.211381427635,384.143315808588,250.87868206072,89.8730021071141,251.132998273299,147.647319372962,603.406230441157,600.262001742043,372.110150078744
"dnajc16l",253.724586978021,237.087024472972,233.568739212633,543.123991153906,511.706058305632,501.431970240687,482.847109359789,634.808412301949,503.969516793043,676.263329472752,598.094990905429,726.330389096011
"abca7",1.60585181631659,19.1199213284655,23.0279038660342,52.4562547176878,43.6526495237032,57.2693230125638,10.5732943655428,19.5325665323677,23.6235710996739,26.1538304215981,30.3381517125942,17.8899110614781
"abcc10",197.51977340694,433.384883445217,399.698617103308,391.000852472611,305.08351722677,361.512601516809,130.403963841695,153.47016561146,169.302259547663,291.428396126379,203.699018641704,216.467923843885
"abcb11b",6673.92014861174,5728.32843000825,9596.05651103168,19811.113368264,10932.0785290527,20005.215788707,5529.8329531789,3867.4481734088,8159.97518401235,14567.6835448302,8494.68247952639,14161.6535962661
"ncoa3",260.147994243287,298.270772724061,289.493648601573,803.387716483972,1116.5377689285,1196.47329952953,599.15334738076,710.148311783939,626.024634141358,891.098365078736,1187.5219384644,1311.33048080634
"ugt1b7",836.648796300942,243.46033158246,344.59613285244,190.456555590374,204.197393883101,337.108060460319,445.840579080389,85.1061827481734,135.835533823125,128.901021363591,99.6824984842382,175.321128402485
"ugt1b5",480.952618986818,304.006749122601,292.783349153863,307.474354575985,253.185367237479,368.345873012627,863.485706519331,692.010928575312,752.017013339618,257.802042727182,290.379452106259,477.660625341465
"ugt1b4",506.646248047883,159.332677737212,324.857929538697,90.7896716267673,89.2454168040155,117.79258483266,250.234633317847,85.1061827481734,155.521843072853,59.7801838207957,71.5113576082579,51.8807420782865
"ugt1b3",202.33732885589,82.2156617124015,41.1212569036325,148.491551816224,89.7304462431677,155.212881119278,121.592885203743,33.4843997697731,27.5608329496195,61.6483145651956,84.5134226279411,109.128457475016
"ugt1b1",325.987918712267,68.1943860715268,123.363770710898,146.877513209526,57.7185032591187,155.863668880785,172.697141303866,16.7421998848866,53.1530349742662,89.6702757311936,43.3402167322775,75.137626458208
"gpx1a",117128.422704407,65667.3698026146,94073.9218435782,35675.4988334995,28865.5570122683,34743.6062235426,108628.264095859,52615.1535049035,85227.9386348484,37237.4501281225,30171.291878175,34214.4549050769
"dnajc11b",25.6936290610654,2.5493228437954,4.9345508284359,20.1754825837261,9.70058878304516,16.2696940376602,45.8176089173523,2.7903666474811,3.93726184994565,56.043922331996,21.6701083661387,32.2018399106606
"per3",43.3579990405479,201.396504659836,130.765596953551,685.966407846686,979.759467087561,861.968390115237,52.8664718277142,140.913515697795,61.0275586741575,590.329315230358,762.787814488084,853.348757632505
"akr7a3",6045.22916252379,6941.16877294391,4566.92679171743,1487.74008572396,2623.03920693541,1800.40434220748,4053.09617345809,4110.21007173965,3263.99007360494,1247.91133725911,1922.13861207651,1302.38552527561
"aldh4a1",1761.6194424993,3078.30733388294,2532.24700012569,1143.94986249727,1933.81237390005,1281.72649628687,1457.35240671732,2007.66880286265,1919.4151518485,1083.51583175192,1506.07253144664,1066.23869926409
"sult6b1",716.209910077198,20693.4908537982,514.838136433479,595.580245871594,929.316405415726,2332.42333723896,542.762444097865,14357.831584614,397.66344684451,368.021756646774,680.441402696757,2178.99116728803
"sult2st1",205.549032488523,509.864568759079,521.41753753806,79.0878917282062,118.347183153151,137.967005439358,190.319298579771,366.933214143764,492.157731243206,74.7252297759946,138.688693543288,121.651395218051
"sult2st2",24802.3813030097,16384.497917073,10469.4720076648,2574.39157768345,3477.17604928254,4208.31905978118,14548.8530469869,7804.65551300462,5102.69135752956,1843.84504472267,2381.54490943865,2862.3857698365
"abcc3",105.183293968736,108.346220861304,165.307452752603,342.579694271669,248.820102285108,338.084242102579,95.1596492898855,118.590582517947,122.055117348315,323.186618781177,238.371192027526,254.036737072989
"slc39a11",19.270221795799,61.1837482510895,37.0091312132693,102.087941873654,68.3891509204684,78.4199252615221,96.921865017476,465.991230129343,324.824102620516,362.417364413574,303.381517125942,411.467954413996
"cyp26a1",1.60585181631659,316.753363341578,4.9345508284359,166.245976489903,87.3052990474064,65.0787761506407,0,276.246298100628,0,130.769152107991,60.6763034251885,35.7798221229562
"dnajc9",467.302878548127,334.598623248146,226.166912969979,400.281574461125,183.341127999554,378.107689435223,442.316147625208,245.552264978336,238.204341921712,384.834933346372,257.874289557051,282.660594771354
"raraa",131.67984893796,132.564787877361,396.408916551017,125.895011322451,430.221112528053,317.90982149588,216.752534493628,161.841265553904,633.899157841249,220.439427839184,455.072275688914,304.128488045128
"sult1st6",4581.49523195122,5218.46386124917,2513.33122195002,990.212685209276,1468.66914175304,1687.16727170536,2835.40510569307,2653.63868175452,1454.81825355492,717.362205849549,1085.67242914355,1398.99104500759
"maff",361.316658671232,207.769811769325,366.801611580402,164.22842823153,180.43095136464,136.340036035592,955.120924354036,549.702229553776,1141.80593648424,461.428293866767,530.917654970399,286.23857698365
"thrab",3.21170363263317,1.2746614218977,6.5794011045812,12.5087992019102,30.07182522744,22.1267838912178,31.7198830966285,83.7109994244329,43.3098803494021,93.4065372199933,147.356736889743,107.339466368869
"slc16a5a",20.8760736121156,15.2959370627724,9.8691016568718,46.0001002908954,51.4131205501393,58.5708985355767,88.1107863795236,117.195399194206,190.957199722364,140.10980582999,127.853639360219,186.055075039372
"nfe2l1b",46.569702673181,31.8665355474424,46.8782328701411,137.193281569337,93.1256523172335,188.728450836858,139.215042479647,279.03666474811,169.302259547663,205.494381883985,160.358801909427,257.614719285285
"aldh18a1",706.574799179298,493.293970274409,1495.16890101608,2316.14540061175,2077.86611732827,1782.50767876605,1103.14704547164,899.893243812653,2407.63562124176,3002.08610625059,2221.18610752922,2121.7434518913
"nat9",810.955167239877,825.980601389708,620.108554106778,402.702632371172,456.897731681427,535.598327719773,422.931774621713,467.386413453084,507.906778642988,384.834933346372,333.719668838537,472.293652023022
"abca5",191.096366141674,608.013498245202,273.867570978192,691.61554297013,711.05315779721,822.921124424852,310.149968055923,831.529260949367,376.008506669809,750.988559248746,641.435207637707,822.935908827992
"dnajb12b",16.8614440713242,22.3065748832097,26.3176044183248,63.7545249645744,78.5747691426658,70.285078242692,28.1954516414476,20.9277498561082,15.7490473997826,67.2527067983952,93.1814659743966,50.0917509721387
"cyp4f3",0,6.37330710948849,9.8691016568718,22.1930308420987,6.79041214813161,16.2696940376602,21.1465887310857,25.1132998273299,0,29.8900919103979,13.0020650196832,14.3119288491825
"slc30a6",1075.11779102396,1505.37513926118,1563.43018747611,1278.72208615656,1258.65139460011,1140.18015815923,493.420403725332,580.396262676068,539.404873442553,915.384064755934,745.451727795173,674.449647017724
"abcc2",20363.0039568025,39733.1085126841,24332.2701350174,37098.2738653038,32036.1944560066,34136.4212420571,11375.1025215965,19515.8243324828,12861.0658328475,23992.4031503275,20525.9266444066,21435.6914338631
"gsta.2",398.251250446514,534.720466486084,192.447482309,470.895763504167,446.71211345923,596.772377301376,308.387752328333,359.957297525061,133.866902898152,455.823901633567,403.064015610181,422.201901050883
"gsta.1",4669.01415594048,3582.43592624348,2424.50930703817,3898.71025447923,3900.60674966246,5017.89903509515,5413.52671515793,4484.11920250212,3216.74293140559,5344.72205972802,4624.40112533401,6043.2119565673
"gclc",457.667767650227,676.207884316729,667.809212114992,1181.476260103,2113.27326638639,1029.54623870314,588.580053015218,1103.59000907877,740.205227789781,1221.75750683751,2000.15100219461,1232.61487213584
"ncoa4",2488.26738938255,7591.24609811174,4714.9633165705,5729.8370537782,8369.66800201136,6574.58336061848,5852.31843132796,14438.7522173909,8971.05112510116,7756.47885074824,11747.3657452838,9472.70790705265
"abcg2c",1249.3527130943,2781.94855329173,4254.40523924982,618.983805668716,710.083098918906,808.929187552464,690.788565215465,1282.17347451756,2200.92937411962,405.384371534771,340.220701348378,490.1835630845
"prdx3",12332.9419493114,8075.61743843286,8363.24122906078,3519.0076722535,3979.18151880512,3902.77420575392,8441.01333515836,5370.06061307737,5772.02587202032,2792.8554628778,3025.14712791297,3082.43167589268
"abcg8",3574.62614312072,4488.72019721274,3159.75738047512,3991.51747436437,2977.11069751656,4544.77633248,2655.65910147884,2687.1230815243,1943.03872294818,2641.53687258141,1961.14480713556,3123.57847133408
"abcg5",1874.02906964146,3027.32087700703,2093.89440153297,2229.39082550173,2243.74618551835,3238.31990125588,872.296785157284,1317.05305761108,913.44474918739,1389.8892738335,1278.53639360219,1987.56911893022
"nat8",1250.15563900246,574.872301275862,721.266846089714,882.475608212178,678.071155934857,855.135118619419,4167.64019575147,3492.14385932259,4925.514574282,2019.44933469626,1984.98192633831,2026.92692326547
"slc39a8",1082.34412419738,48.4371340321125,1736.96189160944,122.666934109055,60.14365045488,41.6504167364101,1189.49561612357,117.195399194206,2641.90270131353,138.24167508559,47.6742384055052,57.2477153967299
"adh8b",12362.6502079132,29723.1923665215,10872.4603253204,2730.14630322981,7439.38153771733,11199.7319816445,6583.637958278,14941.0182139375,6142.12848591521,1965.27354310866,5096.80948771583,7338.44151741832
"adh8a",326621.427253804,270513.745600817,346856.157131864,73011.8433932913,261357.143228316,173824.109522838,210625.310408796,151430.407592152,217301.41876035,57458.0973055067,237346.195901808,130268.965376365
"nfkb2",1246.14100946167,485.646001743023,1751.76554409474,1556.7402361603,1854.26754587908,1057.53011244791,1187.73340039598,509.2419131653,1437.10057523016,1337.5816129903,1590.58595407458,941.009321833748
"abcb10",128.468145305327,289.348142770777,205.606284518163,430.544798336714,465.143232147015,420.408893933139,140.977258207238,346.005464287656,318.918209845597,381.098671857573,303.381517125942,325.596381318901
"gsto1",43.3579990405479,1456.93800522907,0,3.22807721339617,6.79041214813161,169.204817991666,70.4886291036189,2232.29331798488,0,11.2087844663992,4.33402167322775,390.000061140222
"gsto2",563.653987527122,3004.37697141287,174.354129271402,755.773577586379,474.358791490908,862.29378399599,405.309617345809,2126.25938538059,82.6824988488586,500.659039499164,260.041300393665,842.614810995618
"cyp17a1",9.63511089789952,10.1972913751816,4.9345508284359,151.71962902962,64.9939448464026,81.9992579498073,7.04886291036189,2.7903666474811,3.93726184994565,100.879060197593,39.0061950590497,42.9357865475474
"hif1an",407.886361344413,472.899387524046,555.959393337111,1593.05610481101,2535.24887844885,1627.29479764677,514.566992456418,627.832495683247,836.66814311345,1950.32849715346,2882.12441269645,1933.89938574578
"dnajb12a",855.116092188583,740.578286122562,1358.64632809602,892.159839852367,855.106901225431,804.373673221919,1036.1828478232,954.305393438535,1685.14807177674,1040.54882463073,715.113576082579,815.779944403401
"ephx5",7563.56205485113,6321.68332190163,6994.72579930789,3503.67430548987,4683.92929389336,4012.43194356775,3982.60754435447,3193.57462804211,3437.22959500255,2256.70193923504,3092.324463848,2592.24811280818
"esr2b",1768.04284976456,4101.86045566679,7433.07839790061,7426.99864872124,10609.5339520165,9722.11836914422,1788.64896350433,3854.89152349513,7217.00097095037,6826.14974003711,9203.29502309912,8689.12980255991
"mgst3b",32939.2324562858,14701.3075094571,13245.9792737981,7433.45480314803,4507.37857804193,9215.15470293073,28954.966620039,14988.4544469447,12764.6029175238,6779.44647142711,4589.72895194819,9669.49692872891
"dnajc12",406.280509528097,370.289143061281,418.614395278979,275.193582442024,199.347099491578,259.338922960303,352.443145518094,292.988497985515,328.761364470461,203.626251139585,145.18972605313,169.954155084042
"slc30a10",27.299480877382,1430.80744608017,4.9345508284359,8.07019303349043,8.73052990474064,144.800276935176,24.6710201862666,1321.2386075823,7.87452369989129,14.9450459551989,4.33402167322775,223.623888268476
"gstp1.2",50076.8830400165,29377.7591211872,22759.7932710225,12040.7280059677,13186.9803916716,20929.0090161653,38183.6903854303,23100.0502911723,16325.8562607996,11092.9603602464,12098.4215008153,19378.3516617931
"abca1b",114.015478958478,594.629553315276,2032.21251617752,2689.39182841069,2279.63836401561,684.628725104741,151.550552572781,1178.92990856076,2405.66699031679,1899.88896705466,2149.67474992096,661.92670927469
"dnajc4",770.808871831962,792.839404420368,679.323164048009,501.966006683105,447.682172337534,502.7335457637,1082.00045674055,701.777211841496,744.142489639727,635.164453095955,489.744449074736,792.52306002348
"abcb7",1726.29070254033,1182.88579952106,1750.1206938186,2630.88292891788,2875.73954473374,2645.7776444043,1145.44022293381,865.01366071914,1346.54355268141,1955.93288938666,2045.6582297635,1921.37644800275
"hspa9",2626.37064558578,2414.84606378519,4844.90648838598,6091.78521133025,8526.8175402967,4375.24612060758,4074.24276218917,3542.37045897725,6303.55622176298,6446.91919892394,8928.08464684916,4966.23931066632
"hspa4b",2399.14261357698,3696.51812350332,4084.16323566878,2950.4625730441,4576.73778784071,3264.67680559689,2093.51228437748,3058.24184563928,3260.052811755,2578.02042727182,4082.64841618054,2937.5233962947
"nr3c1",820.590278137776,780.73012091234,606.949751897616,886.107195077249,1601.0821786416,1327.60703347307,1369.2416203378,1450.99065669017,1124.08825815948,1040.54882463073,1672.93236586591,1377.52315173381
"cyp4v2b",46735.1054102616,37080.538093715,41619.6465373045,30456.9085083929,19440.9499801008,22352.9326383413,39641.0427921477,30075.966909875,36447.2329449468,26400.4236798589,20229.0461597905,21006.3335683876
"gsr",1650.81566717345,3621.31309961136,1358.64632809602,420.860566696526,403.544493374679,777.365981119404,1277.60640250309,2914.537963294,966.597784161656,330.659141758776,322.884614655467,744.220300157489
"adh5",49525.2729411117,42766.1653660897,50753.5001207394,38376.188932157,49586.9847117311,52586.5796746445,29102.9927411566,21918.330015964,27714.3861617674,26781.5223517165,34947.383762072,35659.9597188443
"slc30a9",1225.26493584956,567.224332744476,907.134927294133,1097.5462525547,987.034908674845,1015.55430183075,1244.12430367887,728.285694992566,1070.93522318522,1139.55975408392,1020.66210404513,1032.24786824729
"mgst2",4070.03142845439,6704.08174847094,4457.54424835376,3381.81439068416,4861.93509806223,3934.98819994849,2534.0662162751,3846.52042355269,2429.29056141646,2363.18539166583,3343.69772089521,2631.60591714343
"gpx3",8632.25643860981,1472.23394229184,3508.46563901793,2808.023666003,3270.55350820368,3639.85595010534,44807.8593054429,16604.0767358363,48951.9765803742,10913.619808784,13470.1393603918,14222.4792938751
"nfkb1",14.4526663468493,14.0212756408747,50.1679334224317,258.649686723368,246.394955089347,134.06227887032,59.915334738076,200.906398618639,431.130172569048,575.384269275159,699.944500226281,407.889972201701
"cyp2y3",35951.8104636958,20699.2268301967,22272.9175892835,19115.0592191254,10614.384246408,15359.8927470742,26149.519181715,14123.4407862256,17083.7791669142,15910.8695500537,8449.1752519575,12075.6899664977
"dnajc30b",969.934497055219,521.336521556158,421.081670693197,441.843068583601,297.808075639486,368.020479131873,750.703899953541,438.087563654532,381.914399444728,414.72502525677,257.874289557051,377.477123397188
"bach1a",16.0585181631659,36.3278505240844,34.5418557990513,101.684432221979,144.053743428221,123.649674686217,387.687460069904,358.562114201321,641.77368154114,708.021552127549,1079.17139663371,864.082704269392
"aldh3a1",16.0585181631659,149.135386362031,34.5418557990513,28.2456756172165,23.2814130793084,50.1106576359934,45.8176089173523,298.569231280477,47.2471421993478,54.1757915875961,8.6680433464555,132.385341854938
"aldh3a2a",2890.53326936986,2390.62749676913,2641.62954348935,2280.23304161272,1044.75341193396,1515.35930266767,1779.83788486638,1649.10668866133,1598.52831107793,1696.26271591508,702.111511062895,1186.101103376
"hif1al",3548.1295881515,4720.70857599812,6584.33565540964,7539.57784153843,8767.87717155537,6366.98206469794,6833.87259159585,7312.15579972421,11036.1449653976,8238.45658280341,8880.41040844366,6644.31296823297
"slc47a3",175.037847978508,248.558977270051,176.82140468562,513.264276929991,348.736166750474,671.612969874612,133.928395296876,281.827031395591,194.894461572309,476.373339821966,333.719668838537,577.844127285743
"slc47a4",105.986219876895,91.7756223766342,95.4013160164274,211.842567129124,188.191422391076,278.211768043989,144.501689662419,36.2747664172542,70.8707132990216,209.230643372785,188.529942785407,164.587181765599
"hspa13",541.974988006848,427.648907046678,1439.24399162714,1028.14259246668,553.903619511879,625.407038807657,525.140286821961,318.101797812845,1216.6139116332,807.032481580742,355.389777204675,416.83492773244
"hsph1",19.270221795799,16.5705984846701,4.9345508284359,91.5966909301164,47.5328850369213,111.284707217596,42.2931774621713,13.9518332374055,7.87452369989129,119.560367641591,47.6742384055052,107.339466368869
"clpb",27.299480877382,168.255307690496,78.9528132549744,374.86046640563,567.969473247294,454.575251412225,7.04886291036189,166.026815525125,118.117855498369,410.988763767971,593.760969232202,420.412909944735
"mtf1",4.01462954079147,15.2959370627724,14.8036524853077,79.8949110315553,72.7544158728387,74.8405925732368,14.0977258207238,8.37109994244329,11.8117855498369,85.9340142423938,130.020650196832,89.4495553073905
"arnt",110.803775325845,103.884905884662,208.895985070453,756.984106541402,566.514384929837,894.83317207131,218.514750221219,512.032279812781,596.495170266765,1008.79060197593,890.641453848302,1103.8075124932
"cyp4t8",14223.029537116,13031.5010467711,14898.2313761861,14069.5745345872,15963.2889013791,14695.1130486954,8550.27071026897,7144.73380087535,9175.78874129833,9590.98324174891,10525.1716334336,10182.9373761933
"rxrbb",571.683246608705,378.574442303616,626.687955211359,813.475457775835,1025.35223436787,857.412875784692,486.37154081497,343.215097640175,592.55790841682,790.219304881143,927.480638070738,905.229499710792
"abcb5",11.2409627142161,5.09864568759079,1.6448502761453,113.789721772215,34.9221196189626,199.791842782467,3.52443145518094,0,3.93726184994565,93.4065372199933,26.0041300393665,141.330297385677
"ahr1a",252.118735161704,543.643096439368,92.1116154641368,361.141138248697,395.29899290909,737.34253378676,289.003379324837,397.627247266056,118.117855498369,237.252604538783,364.057820551131,751.37626458208
"abcb4",1395.48522837911,9805.33298794804,2922.8989407102,3826.88553648116,4240.61238650819,4506.37985455112,874.059000884874,8641.76550724895,1952.88187757304,2630.32808811501,3131.33065890705,3209.45004442917
"gstk1",42248.3554354731,17599.2502521415,24540.3436949498,9891.63560114922,4405.03736638081,8149.16434958323,21414.4455216794,7115.43495107679,10925.9016335992,6488.01807530074,2645.92023150554,5243.53293211923
"aldh5a1",1120.08164188082,706.799758442273,381.60526406571,357.913061035301,424.885788697378,459.456159623524,1492.59672126913,1942.09518664684,1004.00177173614,422.19754823437,554.754774173152,663.715700380837
"sult2st3",210.366587937473,106.434228728458,230.279038660342,251.386512993227,568.454502686446,214.434567416361,338.345419697371,173.002732143828,314.980947995652,332.527272503176,851.635258789253,336.330327955788
"slc39a3",160.585181631659,133.839449299258,220.40993700347,204.982903050657,183.341127999554,197.188691736441,426.456206076894,379.489864057429,563.028444542227,345.604187713975,242.705213700754,325.596381318901
"cyp1c1",4.81755544894976,5.09864568759079,0,15.3333667636318,17.4610598094813,16.2696940376602,7.04886291036189,36.2747664172542,0,67.2527067983952,8.6680433464555,28.623857698365
"cyp1c2",35.3287399589649,25.493228437954,4.9345508284359,16.1403860669809,5.8203532698271,16.2696940376602,31.7198830966285,13.9518332374055,27.5608329496195,26.1538304215981,8.6680433464555,0
"dnajc17",39.3433694997564,198.847181816041,83.8873640834103,97.6493357052342,85.3651812907974,85.9039845188458,28.1954516414476,92.0820993668762,72.8393442239945,97.142798708793,86.680433464555,71.5596442459124
"ephx2",5819.60698233131,3681.22218644055,7081.90286394359,3116.708549534,4922.07874851711,3336.58885324335,3748.23285258493,2170.90525174029,4756.21231473434,2441.64688293062,3679.58440057036,2626.23894382498
"slc22a3",647.158281975585,601.640191135713,368.446461856547,604.457458208433,557.298825585944,688.533451673779,363.016439883637,305.54514789918,192.925830647337,381.098671857573,346.72173385822,457.981723173839
"dnajc5gb",321.170363263317,484.371340321125,371.736162408838,425.299172864946,440.891760189403,447.741979916408,318.961046693875,415.764630474683,448.847850893804,625.823799373955,576.424882539291,618.990922727142
"npas3",24.0877772447488,44.6131497664194,46.0558077320684,111.368663862168,72.7544158728387,60.1978679393427,17.6221572759047,119.985765841687,104.33743902356,186.813074439987,108.350541830694,48.3027598659909
"bach2a",1.60585181631659,0,1.6448502761453,46.8071195942445,90.21547568232,40.0234473326441,5.28664718277142,6.97591661870274,27.5608329496195,100.879060197593,140.855704379902,78.7156086705036
"slc22a15",3396.37659150958,3205.77347607271,2674.52654901226,2318.5664585218,2956.25443163301,2406.61314205069,2576.35939373727,2043.9435692799,2159.58812469519,1578.57047901789,2424.88512617093,1785.41312393551
"dnajc27",17.6643699794825,14.0212756408747,16.448502761453,62.5439960095508,45.5927672803123,68.658108838926,51.1042561001237,34.8795830935137,35.4353566495108,112.087844663992,132.187661033446,116.284421899608
"aldh6a1",250612.446157999,110007.104694037,103456.147818711,79955.0339696547,85386.037556681,111396.968106456,163813.811821083,61343.4203782244,67553.5701904424,59307.5467424626,66336.5357304239,82037.7651546201
"gstz1",70854.9996913368,39691.6820164724,37962.3219482955,12135.1492644596,17279.6587992383,16634.7859718653,37207.4228723452,18173.6579750444,19268.959493634,8083.40173101822,10939.0707032268,10283.1208781376
"slc39a9",1201.17715860481,943.249452204296,1407.99183638038,1584.58240212585,1752.89639309626,1547.57329686224,1156.01351729935,644.574695568133,1187.08444775861,1782.19673015747,1833.29116777534,1601.14704000229
"slc30a4",1069.49730966685,1164.40320890355,1348.77722643915,968.826673670526,968.603789987059,925.094802981358,1148.96465438899,1693.75255502103,2063.12520937152,1102.19713919592,1200.52400348409,1130.64237908542
"cyp1a",35661.1512849425,21522.6581087426,17305.4697553247,17305.3184313652,17929.5982477024,20529.4253306004,41503.7048162108,28013.8859573865,25281.158338501,16805.7041766212,18725.1406391805,20696.838107024
"ugt5f1",149.344218917443,116.631520103639,133.232872367769,277.614640352071,385.113374686893,387.218718096312,102.208512200247,41.8554997122164,114.180593648424,141.97793657439,221.035105334615,216.467923843885
"dnaja2b",523.507692119207,604.189513979509,679.323164048009,302.632238755891,391.903786835024,399.583685564934,613.251073201484,1014.29827635938,1285.51599400725,336.263533991976,589.426947558974,432.93584768777
"hsbp1b",928.182349830987,488.832655297767,555.959393337111,346.211281136739,263.370985459676,357.607874947771,1644.14727384191,1086.84780919389,1135.90004370932,863.076403912738,446.404232342458,771.055166749706
"bmal2",52.9931099384474,29.9545434145959,34.5418557990513,92.8072198851399,58.203532698271,80.6976824267945,54.6286875553046,19.5325665323677,15.7490473997826,102.747190941993,58.5092925885746,60.8256976090255
"nr1h4",1146.57819685004,1283.58405185098,1405.52456096616,1915.05680684728,2775.82348026837,2406.93853593145,778.899351594989,866.40884404288,1155.58635295905,1556.15291008509,2225.52012920245,1889.17460809209
"mt2",1849.94129239671,6703.44441775999,4404.90903951711,15471.7705741562,18625.1304634467,36506.9156633442,1614.18960647287,6370.40705619934,5321.20939020154,21184.6026414945,28060.6233233131,53408.5404829367
"slco3a1a",59.4165172037137,54.1731104306522,31.2521552467607,50.0351968076407,60.6286798940322,31.888600313814,200.892592945314,611.09029579836,133.866902898152,78.4614912647944,108.350541830694,103.761484156573
"nat10",415.915620425996,688.317167824757,935.919807126676,2888.7255963379,4346.83383368254,1455.16143472833,214.990318766038,471.571963424305,576.808861017037,1890.54831333266,2875.62338018661,944.587304046044
"ugt5c3",1323.22189664487,741.85294754446,456.445951630321,2018.35527767596,1118.47788668511,1584.99359314886,1598.32966492456,2844.77879710698,681.146300040597,1847.58130621147,1217.860090177,2409.7710199811
"ugt5c2",99.5628126116284,9.55996066423273,26.3176044183248,63.7545249645744,26.6766191533742,53.3645964435254,45.8176089173523,8.37109994244329,17.7176783247554,33.6263533991976,10.8350541830694,44.7247776536952
"abcc5",814.969796780668,1890.96021938523,2033.85736645366,5856.539084404,3664.88244223446,7076.66611862067,755.990547136312,1049.17785945289,1216.6139116332,4244.3930512765,2734.76767580671,5195.23017225324
"dnajc8",382.995658191506,697.877128488989,796.929958792398,462.422060819002,494.730027935303,369.647448535639,384.163028614723,498.080446575376,673.271776340706,409.120633023571,424.734123976319,423.990892157031
"cyp51",669.640207404017,2525.10427677934,146.391674576932,201.754825837261,92.155593438929,94.3642254184291,542.762444097865,2536.44328256032,90.5570225487499,179.340551462387,86.680433464555,96.6055197319817
"hsf1",25.6936290610654,40.7891655007263,65.794011045812,292.948007115703,312.843988253206,279.838737447755,112.78180656579,273.455931453147,307.10642429576,648.241368306754,769.288846997925,624.357896045586
"hsd17b8",3051.11845100152,1722.06758098379,2513.33122195002,1836.77593442242,1059.30429510853,1655.92945915305,1984.25490926687,859.432927424177,1318.98271973179,1350.6585282011,749.785749468401,1302.38552527561
"rxrba",202.33732885589,142.762079252542,274.689996116265,758.5981451481,900.699668505743,737.667927667513,1059.09165228187,1310.07714099237,1787.51687987532,1888.68018258826,2648.08724234215,2311.37650914297
"hsbp1l1",86.7159980810957,35.6905198131355,53.4576339747223,31.0702431789382,20.3712364443948,23.4283594142307,151.550552572781,33.4843997697731,57.0902968242119,78.4614912647944,21.6701083661387,30.4128488045128
"thrb",31.3141104181735,45.2504804773683,50.9903585605043,984.160040434158,339.520607406581,1102.43446799185,126.879532386514,163.236448877644,122.055117348315,2026.92185767385,702.111511062895,2264.86274038313
"slc39a7",748.32694640353,648.165333034979,988.555015963325,1944.51301141952,831.34045870697,1138.22779487471,761.277194319084,954.305393438535,1177.24129313375,1645.82318581628,678.274391860143,862.293713163244
"nfe2l3",57.8106653873971,99.4235909080204,93.7564657402821,590.334620399825,521.89167652783,333.528727772034,102.208512200247,320.892164460326,314.980947995652,719.230336593948,582.925915049132,406.100981095553
"txnl4a",615.041245649253,506.040584493386,1029.67627286696,628.668037308904,515.58629381885,414.226410198828,317.198830966285,214.858231856044,362.228090194999,392.307456323972,286.045430433031,347.064274592675
"abcf1",1716.65559164243,4999.85942739372,9549.17827816154,4313.11466674896,7929.74630070027,2907.39432452987,1511.98109427262,3898.14220653109,7618.60167964483,3919.33830175092,7226.98114010727,2674.54170369098
"slc30a8",163.796885264292,54.1731104306522,48.5230831462864,233.632088319548,125.137595301283,212.807598012595,132.166179569285,61.3880662445841,27.5608329496195,255.933911982782,101.849509320852,221.834897162328
"hsd3b2",0,0,0,83.9300075483005,68.8741803596206,49.459869874487,0,0,0,56.043922331996,56.3422817519607,46.5137687598431
"cyp46a1.1",83.5042944484625,7538.34764910298,67.4388613219573,31.0702431789382,8.73052990474064,1060.13326349394,125.117316658923,9755.12179959391,35.4353566495108,37.3626148879973,10.8350541830694,1996.51407446096
"cyp46a1.5",200.731477039573,1034.38774386998,459.735652182611,67.7896214813196,40.7424728887897,67.6819271966664,155.074984027962,2276.93918434457,255.922020246467,44.8351378655968,19.5030975295249,82.2935908827993
"cyp46a1.2",5861.35912955554,7582.32346815845,1227.05830600439,10141.4080755357,7006.73527799352,7630.81189754338,4553.56544009378,4948.71524930772,956.754629536792,7831.20408052424,5512.8755683457,6277.56979147266
"cyp46a1.4",10917.3835732283,5405.20175955719,7718.45992081182,7107.8225142467,4747.4681504223,4834.7022802311,7360.7750941454,3179.62279480471,4236.49375054152,5421.31542024841,3155.1677781098,3590.50515003865
"cyp46a1.3",3619.58999397759,2233.84414187572,6449.45793276572,823.966708719373,456.412702242275,1010.3479997387,2438.90656698521,1439.82919010025,4533.75702021241,670.658937239552,368.391842224359,833.669855464879
"slc30a1a",582.924209322921,973.841326329841,852.032443043266,1259.75713252786,1969.21952295817,1725.88914351499,861.723490791741,1682.5910884311,1484.34771742951,1520.65842594149,2492.06246210596,1856.97276818143
"fmo5",1358.55063660383,2693.99691518078,1474.60827256426,1398.96796235557,1239.73524647317,1085.18859231193,1082.00045674055,1590.50898906422,1027.62534283581,898.570888056336,678.274391860143,812.201962191106
"prdx6",13275.5769654892,10988.2187874691,9701.32692870498,3012.60305940198,7446.17194986546,5025.05770047172,9181.14394074636,8001.37636165204,7362.67965939836,2424.83370623103,6230.15615526489,4055.64283763708
"hif1ab",823.801981770409,1862.91766810349,1857.03596176804,1601.52980749618,2943.1586367759,1973.51388676818,1608.9029592901,3492.14385932259,3606.53185455021,1810.21869132347,3694.75347642666,2497.43158418234
"esr2a",454.456064017594,734.204979013074,489.342957153227,611.720631938575,997.220526897042,447.741979916408,503.993698090875,650.155428863095,507.906778642988,569.779877041959,873.305367155391,343.486292380379
"clocka",6.42340726526635,5.09864568759079,40.2988317655599,20.1754825837261,29.1017663491355,65.0787761506407,21.1465887310857,19.5325665323677,23.6235710996739,28.021961165998,45.5072275688914,64.4036798213211
"cyp2n13",30071.1811123444,36925.6667309544,16182.8594418555,12912.7123632364,15628.1335589249,16081.9417684656,16642.3653313644,17939.267176656,8278.09303951072,8542.96189414059,9792.7219706581,10179.359393981
"cyp2ad6",313.944030089893,96.874268064225,263.998469321321,105.31601908705,443.801936824316,351.099997332707,273.143437776523,55.8073329496219,141.741426598043,112.087844663992,515.748579114102,237.935817117659
"cyp2ad2",63193.4806756903,38405.5486417776,48004.9553093006,30550.5227475814,24840.2976967437,29572.4466706127,45412.2993000065,24238.5198833445,35301.4897466127,22335.3711800448,18124.8786374384,21288.9941631589
"cyp2v1",1354.53600706304,1465.86063518235,1134.94669054026,670.633041083055,529.652147554266,635.81964299176,960.407571536807,721.309778373863,696.895347440379,509.999693221163,333.719668838537,447.247776536952
"cyp2ad3",8611.3803649977,4315.36624383466,4716.60816684665,4695.64181653641,2863.12877931578,5049.13684764746,5279.59831986105,2946.62717974004,2803.3304371613,3243.07497227817,2164.84382577726,3812.34004720098
"cyp2p6",11776.5142949577,8326.72573854671,6747.17583274802,4998.67756494397,3273.46368483859,3989.00358415352,11946.0604173358,12855.2191449454,8555.66999993189,4918.78825000485,3109.66055054091,4291.7896636486
"cyp2p7",3045.49796964441,711.898404129864,804.331785035052,728.738430924186,705.232804527383,1695.30211872419,1645.9094895695,332.05363105025,415.381125169266,453.955770889167,405.231026446795,987.523090593591
"cyp2p8",317.155733722526,469.712733969302,119.251645020534,131.544146445894,92.6406228780813,115.840221548141,195.605945762542,258.108914892001,102.368808098587,95.2746679643932,56.3422817519607,69.7706531397646
"cyp2p9",12125.7870650066,9888.18598037139,8364.06365419885,4660.9399864924,3337.97260024584,4179.35900439415,14947.1138014224,15426.5420105992,12711.4498825495,5563.2933568228,4078.31439450731,4878.57874646508
"cyp2p10",547.595469363956,240.273678027716,662.874661286556,271.965505228627,198.862070052426,327.346244037723,292.527810780018,96.2676493380978,259.859282096413,207.362512628385,138.688693543288,214.678932737737
"cyp2j20",623.070504730836,715.085057684608,335.549456333641,326.842817856362,177.520774729726,254.783408629758,274.905653504114,485.523796661711,212.612139897065,181.208682206787,132.187661033446,152.064244022564
"esr1",82.7013685403042,107.071559439407,126.653471263188,1968.32008086832,5809.68262216575,3175.84427615127,132.166179569285,133.937599079093,181.1140450975,2499.55893600702,6204.15202522552,3348.9913507087
"sod2",13420.1036289577,10449.6743367173,10976.0858927176,3644.0956642726,4212.48067903736,3901.14723635016,8943.24481752165,6240.65500709147,7388.27186142301,2819.0092932994,3228.84614655467,2810.50502775821
"slc22a16",8.02925908158294,3.18665355474424,19.7382033137436,27.0351466621929,24.2514719576129,41.9758106171633,38.7687460069904,39.0651330647353,31.4980947995652,11.2087844663992,8.6680433464555,50.0917509721387
"rxrgb",1029.35101425893,2249.77740964944,1972.17548109821,2094.21509219077,8672.32637204237,3543.53936140239,969.21865017476,1690.96218837354,1250.08063735774,1772.85607643547,6817.41609198725,2951.83532514389
"ephx1",10989.6469049626,7946.23930411025,12011.5191415511,6937.13793158837,5610.33552267417,6143.76186250124,11815.6564534941,8260.88045986778,13699.7026068859,6566.47956656553,5194.32497536346,5871.46881037711
"ncoa1",24.0877772447488,54.810441141601,82.242513807265,202.965354792284,359.406814411823,407.393138703011,3.52443145518094,33.4843997697731,33.466725724538,199.889989650786,238.371192027526,359.58721233571
"dnajc5ga",46.569702673181,79.6663388686061,87.1770646357009,228.386462847779,347.766107872169,129.506764539775,280.192300686885,404.603163884759,502.00088586807,717.362205849549,988.156941495927,334.54133684964
"cyp39a1",363.725436395707,1199.45639800573,18.0933530375983,1879.14444784825,1905.68066642922,2675.71388143359,237.899123224714,1121.7273922874,31.4980947995652,1599.11991720629,2036.99018641704,2091.33060308679
"hsf2",1066.28560603421,1342.21847725828,1253.37591042272,1095.932213948,1901.800430916,939.737527615252,1318.13736423767,1365.884473942,1281.57873215731,1156.37293078352,1763.94682100369,869.449677587835
"hsdl1",128.468145305327,56.0851025634987,44.4109574559231,83.5264978966259,42.6825906453987,54.6661719665382,88.1107863795236,53.0169663021408,59.0589277491847,63.5164453095954,39.0061950590497,57.2477153967299
"slc22a2",64918.9684523225,42106.5280802576,36111.865387632,21116.8706010827,38718.4450392073,28648.9788370351,39413.7169632885,24011.1050015748,22247.4980831179,13906.3652613126,28476.6894039429,19986.6086378833
"mgst3a",11534.833596602,20088.0266783968,16655.7538962473,5698.76681059927,4959.91104477099,7622.02626276304,6486.71609326053,10285.2914626153,8240.68905193624,3769.88784219893,3211.51005986176,5293.62468309137
"hsp90ab1",77948.0471640071,185250.368428658,250671.069958853,258007.299357902,523236.17813316,371048.919980043,68166.0287746546,142767.714335047,214167.358327793,251960.397889443,574951.315170393,350044.733775517
"hsp90aa1.2",94.7452571626787,101.972913751816,72.3734121503932,47.6141388975935,17.4610598094813,24.0791471757371,75.7752762863903,79.5254494532112,80.7138679238857,39.2307456323972,34.672173385822,16.1009199553303
"txnl1",2293.15639370009,2571.6294186786,3981.3600934097,2527.98796774088,2951.40413724149,2585.2543825842,2174.57420784664,2258.80180113595,4124.28178781806,2574.28416578302,3241.84821157436,2763.99125899837
"dnajc21",32.1170363263317,98.1489294861227,208.895985070453,660.141790139517,728.514217606692,264.219831171601,28.1954516414476,131.147232431611,202.768985272201,689.340244683551,836.466182932956,350.642256804971
"slc31a2",191.899292049832,152.322039916775,194.914757723218,472.10629245919,467.083349903624,467.916400523107,190.319298579771,121.380949165428,187.019937872418,504.395300987964,569.923850029449,475.871634235317
"gstt1b",24099.018207463,10642.7855421348,11242.5516374531,2124.88182571803,964.238525034689,1915.26838211336,14108.2991150893,6039.74860847283,7055.5732351026,1634.61440134988,738.950695285331,1529.58739575638
"rxraa",97.9569607953118,168.255307690496,92.1116154641368,102.894961177003,186.736334073619,105.753011244791,317.198830966285,503.661179870338,287.420115046032,173.736159229188,364.057820551131,178.899110614781
"esrra",269.783105141187,438.483529132808,703.995918190188,1148.79197831736,1732.52515665187,990.824366893505,740.130605587998,1358.90855732329,2775.76960421168,2109.11961042745,2905.96153189921,2080.5966564499
"prdx5",5124.27314586623,2767.92727765085,3344.80303654147,782.808724248572,1443.93264035627,1275.86940643331,3732.37291103662,1591.90417238796,2240.30199261907,668.790806495152,1022.82911488175,1082.33961921942
"hif1al2",202.33732885589,272.140213575158,530.464214056859,1529.70508949811,783.322544230897,1191.26699743748,133.928395296876,248.342631625818,305.137793370788,1186.26302269391,582.925915049132,908.807481923087
"slc22a6l",20.8760736121156,449.955481929887,3.2897005522906,0.807019303349043,0,76.1421680962497,31.7198830966285,283.222214719331,0,3.73626148879973,0,66.192670927469
"dnajc18",152.555922550076,188.649890440859,162.840177338385,324.421759946315,421.00555318416,303.267096861986,345.394282607732,267.875198158185,169.302259547663,422.19754823437,559.08879584638,357.798221229562
"aldh3a2b",271.388956957503,517.512537290465,402.988317655599,388.17628491089,555.358707829335,594.494620136103,3533.2425338189,11588.392686989,6185.43836626461,1208.68059162671,2333.87067103314,2350.73431347822
"slc47a1",722.633317342464,1607.348053013,393.941641136799,1073.7391831059,1022.92708717211,3452.10368091074,569.195680011722,1158.00215870465,230.32981822182,801.428089347543,736.783684448717,2903.5325652779
"slc47a2.1",362.922510487549,1966.1652432772,801.042084482761,984.160040434158,1832.44122111723,756.215378870445,281.954516414476,1063.1296926903,578.77749194201,827.581919769141,1328.37764284431,583.211100604186
"slco2b1",324.382066895951,1706.13431321007,486.053256600936,645.615442679234,575.244914834578,1169.46560742701,359.492008428456,2087.19425231586,411.44386331932,440.878855678368,500.579503257805,1164.63321010222
"hspa4a",263.35969787592,442.307513398501,993.489566791761,2185.81178312088,4259.52853463513,1046.4667205023,281.954516414476,549.702229553776,1234.33158995796,1967.14167385306,3935.2916792908,1068.02769037024
"slc22a4",35.3287399589649,3612.39046965808,3.2897005522906,8.47370268516495,6.30538270897935,501.106576359934,24.6710201862666,1441.22437342399,3.93726184994565,7.47252297759947,0,250.458754860693
"pparda",1175.48352954374,1246.61887061595,1741.0740172998,1369.10824813165,1851.84239868332,1573.60480732249,3281.24568477346,4630.61345149488,8327.30881263504,2540.65781238382,3978.63189602307,3484.95467477593
"ahr2",281.024067855403,376.025119459821,515.660561571552,1048.31807505041,1485.16014268421,1475.98664309653,1085.52488819573,2094.17016893456,2153.68223192027,1860.65822142227,2929.79865110196,2543.94535294219
"sult3st3",6332.67663764446,7432.55075108547,3743.6792285067,2073.63609995537,2650.20085552794,3992.58291684181,4044.28509482013,4184.1547878979,2228.49020706924,1726.15280782548,2253.69127007843,3030.55093381439
"sult3st4",27.299480877382,75.842354602913,23.8503290041069,10.8947605952121,9.2155593438929,13.9919368723878,33.482098824219,55.8073329496219,21.6549401747011,3.73626148879973,23.8371192027526,8.94495553073905
"sult3st2",2725.13053228925,3770.44848597339,1605.37386951781,846.159739561471,897.304462431677,1558.31129492709,2065.31683273603,2374.60201700641,1118.18236538456,683.735852450351,793.125966200678,1339.95433850471
"slc30a7",7780.35205005387,3878.79470683469,8391.20368375525,9790.35467857891,8195.05740391655,8657.75498520049,6120.17522192171,3335.88332706365,7963.11209151507,8165.59948377182,7372.1708661604,7794.63424948601
"gpx4a",1023440.67664898,408361.367741233,547593.684832636,344030.71497909,127073.832822378,290000.137555916,1833849.79691702,531299.761513638,827232.495090055,667697.950009678,194064.488462119,419768.873146522
"hsd11b1la",5599.60528349594,4859.00934027402,3184.4301346173,1591.44206620431,1762.59698187931,1901.60183912172,4683.96940393547,4040.45090555263,2815.14222271114,1507.58151073069,1670.7653550293,1695.96356862812
"dnaja3b",211.97243975379,241.548339449614,167.774728166821,410.772825404663,310.903870496597,312.378125523076,222.039181676399,186.954565381233,157.490473997826,302.637180592778,221.035105334615,304.128488045128
"hmox2a",5773.84020556629,4003.07419546972,5996.30168168769,5154.02878083866,3348.15821846804,4866.91627442567,3846.91693333,2221.13185139495,3756.14780484815,3979.11848557171,2795.4439792319,3932.20245131289
"dnajc19",1472.56611556231,1158.02990179406,1459.80462007895,550.790674535722,677.586126495704,529.415843985462,1143.67800720622,775.721927999745,1230.39432810801,567.911746297559,641.435207637707,563.53219843656
"cp",262372.099008886,428242.261938571,857886.465176067,340193.338191666,380879.067683094,195552.611304014,172686.568009501,239137.212055777,576013.534123348,289829.276209173,321842.282443056,149423.69314989
"ncoa6",61.0223690200303,661.549277964905,402.165892517526,1002.72148441119,1574.89058892738,1213.3937813287,81.0619234691617,457.6201301869,344.510411870244,801.428089347543,1181.02090595456,1016.14694829196
"gss",168.614440713242,165.705984846701,375.025862961128,234.035597971222,315.269135448968,130.808340062788,109.257375110609,89.2917327193951,228.361187296847,179.340551462387,260.041300393665,94.8165286258339
"dnajc5ab",24.0877772447488,17.8452599065678,36.1867060751966,38.7369265607541,69.8442392379252,34.1663574790864,207.941455855676,708.753128460198,279.545591346141,220.439427839184,411.732058956636,232.568843799215
"hsd17b10",5119.45559041728,3148.41371208731,2712.3581053636,1249.26588158432,1915.86628465142,1332.81333556512,3520.90702372576,2196.01855156762,1673.3362862269,876.153319123537,1454.06427136791,1044.77080599032
"hspb7",22.4819254284322,33.1411969693401,19.7382033137436,20.1754825837261,20.3712364443948,17.571269560673,116.306238020971,139.518332374055,74.8079751489673,56.043922331996,69.344346771644,84.0825819889471
"sult1st5",1417.96715380755,1548.07629689475,856.144568733629,218.298721555916,137.748360719241,234.934381903813,844.101333515836,758.979728114858,543.342135292499,158.791113273989,117.018585177149,130.59635074879
"hnf4a",5767.41679830102,6222.25973099361,3443.49405311019,5386.04683055151,11662.532864416,7583.62978483416,8518.55082717234,8379.47104238573,4474.69809246323,6172.30397949716,14066.0673404607,8941.37754852675
"hspg2",27.299480877382,49.7117954540102,26.3176044183248,339.351617058273,381.233139173675,397.956716161168,70.4886291036189,192.535298676196,66.933451449076,302.637180592778,437.736188996003,379.266114503336
"dnajc22",4597.55375011439,5700.2858787265,8558.97841192207,2242.30313435532,2625.46435413117,2508.7868206072,3230.14142867333,3824.19749037284,6053.54009429143,1804.61429909027,1698.93649590528,1790.78009725396
"dnajc11a",2400.7484653933,1451.83935954148,1759.98979547547,1842.02155989419,1948.84828651377,1588.89831971789,1781.60010059397,1103.59000907877,1395.75932580573,1647.69131656068,1514.7405747931,1254.08276540961
"aldh8a1",9360.51023730939,7929.03137491463,12458.9184166626,2116.00461338119,3958.32525292158,2952.62407395457,5337.75143887154,3670.72732476138,6272.05812696341,1253.51572949231,2706.59653493073,1674.49567535435
"rarga",41.7521472242313,44.6131497664194,59.2146099412308,114.596741075564,94.095711195538,158.792213807563,160.361631210733,128.35686578413,188.988568797391,226.043820072384,173.36086692911,259.403710391432
"nfe2",27.299480877382,38.2398426569309,88.8219149118462,91.1931812784419,68.8741803596206,86.5547722803522,21.1465887310857,32.0892164460326,31.4980947995652,93.4065372199933,69.344346771644,87.6605642012427
"dnajc16",24.0877772447488,28.0425512817494,9.8691016568718,56.491351234433,87.3052990474064,50.7614453974998,7.04886291036189,25.1132998273299,0,74.7252297759946,56.3422817519607,42.9357865475474
"cyp2aa12",5462.30495320087,1307.80261886704,3232.13079262551,100.87741291863,182.856098560401,198.490267259454,5721.91446748626,1721.65622149584,4586.91005518668,134.50541359679,156.024780236199,250.458754860693
"cyp2aa6",2536.44294387205,1238.33357137361,7041.60403217803,1592.24908550766,705.232804527383,682.676361820221,1668.81829402818,848.271460834253,5207.02879655312,1206.81246088231,613.264066761726,558.165225118117
"cyp2aa7",220.001698835372,294.446788458368,87.9994897737736,198.526748623865,69.3592097987729,136.340036035592,155.074984027962,221.834148474747,78.7452369989129,93.4065372199933,82.3464117913272,50.0917509721387
"cyp2aa1",358.907880946757,674.933222894831,393.941641136799,486.632639919473,534.502441945788,462.059310669549,352.443145518094,613.880662445841,389.788923144619,530.549131409562,546.086730826696,400.734007777109
"cyp2aa2",2562.13657293312,1456.93800522907,2467.27541421795,1375.16089290677,1477.39967165778,1390.73344633919,2024.78587100145,961.281310057237,2006.03491254731,932.197241455533,1280.7034044388,1003.62401054892
"abce1",4870.54855888821,3602.19317828289,4755.26214833606,8876.00180788445,12729.597630551,9083.69557510643,3616.06667301565,2653.63868175452,3933.3245880957,7717.24810511585,10479.6644058647,7232.89104215559
"vdra",20.8760736121156,31.8665355474424,41.1212569036325,176.73722743344,146.478890623982,170.831787395432,199.130377217723,325.077714431548,401.600708694456,693.07650617235,773.622868671153,815.779944403401
"abcg2a",19979.2053727028,22187.3940402623,17733.1308271225,12959.1159731789,22521.3719481568,14391.8459518334,10552.1477768117,10514.1015277088,8809.62338925338,8417.7971342658,13962.0508203032,9481.65286258339
"ncoa2",220.001698835372,406.616993585366,471.249604115629,999.896916849464,1205.78318573251,992.125942416518,667.879760756789,1372.8603905607,1665.46176252701,1266.59264470311,1731.44165845449,1402.56902721988
"slc22a13b",12.8468145305327,448.68082050799,0,4.43860616841974,33.4670313015058,30.2616309100479,3.52443145518094,288.802948014293,0,24.2856996771983,15.1690758562971,50.0917509721387
"hnf4g",475.33213762971,1526.40705272249,596.258225102671,344.597242530041,794.478221331399,632.565704184228,417.645127438942,1351.93264070459,582.714753791956,272.74708868238,658.771294330618,610.045967196403
"abcc13",1.60585181631659,15.2959370627724,39.4764066274872,17.7544246736789,28.6167369099832,34.8171452405928,0,16.7421998848866,51.1844040492934,5.6043922331996,13.0020650196832,21.4678932737737
"abcd3a",35791.2252820641,20957.345768131,23264.7623057991,22299.5573901408,25344.7283134621,31694.665560885,25365.3331829373,17312.8298642965,20085.9413274977,17945.2639307051,20837.976204879,24591.4717451078
"abcb8",924.970646198354,571.048317010169,485.230831462864,736.808623957676,370.077462073173,654.041700313939,581.531190104856,263.689648186964,255.922020246467,439.010724933969,247.039235373982,379.266114503336
"abcd4",393.433694997564,295.721449880266,117.606794744389,524.562547176878,251.730278920022,574.645593410158,338.345419697371,173.002732143828,114.180593648424,541.757915875961,201.53200780509,522.38540299516
"slc22a17",0,0,4.9345508284359,12.9123088535847,4.85029439152258,16.2696940376602,10.5732943655428,2.7903666474811,31.4980947995652,56.043922331996,69.344346771644,71.5596442459124
"pparab",117.227182591111,105.796898017509,160.372901924167,276.404111397047,240.57460181952,323.441517468684,1994.82820363241,3176.83242815723,4197.12113204206,1401.0980582999,2010.98605637768,1749.63330181256
"fth1b",168.614440713242,304.64407983355,115.139519330171,133.965204355941,161.999832676854,139.919368723878,172.697141303866,237.181165035893,94.4942843986955,112.087844663992,162.525812746041,110.917448581164
"cat",93868.4620709698,130420.170035018,152046.669826319,57436.3708386547,99707.0167770905,71728.850891594,80566.7408497088,106333.897018886,149560.828632035,48900.1903654109,88327.3617003815,60988.495799685
"dnajc24",104.380368060578,72.6557010481688,55.9249093889402,150.912609726271,164.910009311768,112.911676621362,59.915334738076,92.0820993668762,64.9648205241032,194.285597417586,184.195921112179,101.972493050425
"cyp2x7",7533.05087034111,917.756223766342,6659.99876811232,695.2471298352,1004.01093904517,702.85078242692,4534.18106709028,493.894896604154,4393.98422453934,439.010724933969,582.925915049132,450.825758749248
"cyp2x8",5361.13628877293,8374.52554186787,4423.00239255471,11278.0947643029,13255.8545720312,14983.7374209235,2713.81222048933,4209.26808772523,2478.50633454078,7298.78681837028,9142.61871967394,9889.54283478509
"cyp2x9",16473.6308576837,22717.0158610608,11629.9138774853,17669.6876468273,29637.7238793987,35275.6252185741,8435.72668797559,9008.69872139272,4998.353918506,10610.9826281912,18302.5735260408,20716.5170091916
"bmal1a",403.068805895463,461.427434726967,487.698106877081,548.369616625675,505.400675596653,785.17543425748,243.185770407485,315.311431165364,366.165352044945,429.670071211969,377.059885570814,509.862465252126
"dnajb9a",44.9638508568644,14.0212756408747,37.8315563513419,25.4211080554949,13.5808242962632,14.9681185146474,186.79486712459,78.1302661294707,145.678688447989,85.9340142423938,26.0041300393665,32.2018399106606
"cyp11a1.1",3.21170363263317,0,1.6448502761453,800.563148922251,438.466612993641,320.838366422659,0,0,3.93726184994565,616.483145651956,329.385647165309,311.284452469719
"ugt5a5",11.2409627142161,49.7117954540102,18.0933530375983,14.5263474602828,9.70058878304516,13.6665429916346,45.8176089173523,11.1614665899244,23.6235710996739,3.73626148879973,13.0020650196832,35.7798221229562
"ugt5a4",12.8468145305327,196.297858972245,101.158291982936,40.3509651674521,31.5269135448968,58.5708985355767,10.5732943655428,104.638749280541,70.8707132990216,11.2087844663992,23.8371192027526,28.623857698365
"ugt5a3",1142.56356730925,2342.82769344797,3696.80099563656,1027.73908281501,995.765438579586,1175.32269728057,671.40419221197,1148.23587543847,2120.21550619573,665.054545006352,673.940370186915,747.798282369784
"ugt5a2",689.713355107974,969.380011353199,1838.94260873045,426.106192168295,385.598404126045,415.202591841088,771.850488684627,1238.92279148161,1789.4855108003,326.922880269977,320.717603818853,495.550536402943
"ugt5a1",1092.78216100344,465.25141899266,1834.83048304008,574.194234332844,623.747858749804,460.432341265783,694.312996670646,210.672681884823,897.695701787607,394.175587068372,353.222766368062,313.073443575867
"hsd17b12a",0,175.265945510933,3.2897005522906,357.106041731952,160.544744359397,326.370062395463,28.1954516414476,383.675414028651,0,424.06567897877,138.688693543288,459.770714279987
"clpxb",1270.22878670642,1794.08595132101,3138.37432688523,3334.60376143825,3653.72676513396,2890.47384273071,1920.81514307361,3718.16355776856,6756.34133450673,3736.26148879973,4091.316459527,3177.24820451851
