"","Geneid","E1_cpm","E2_cpm","E3_cpm","CPM_mean_E13","L1_CPM","L2_CPM","L3_CPM","CPM_mean_UN13"
"1","txnl4b",70.2843665687769,50.0863772618978,27.4550825792639,49.2752754699795,4.3937826607045,4.97753227211765,1.59563132470686,3.65564875250967
"2","abcb6a",22.7334878389575,24.173633470152,26.1204605094386,24.3425272728494,4.31776565965425,9.74621703631428,5.84446357305418,6.6361487563409
"3","ugt5b6",1333.41378462085,605.036480882438,448.147025017777,795.532430173688,56.359004578656,31.5185697370807,23.2850850291524,37.0542197816297
"4","ugt5b4",213.789508552196,131.563695828561,104.577172185599,149.976792188785,14.230382596607,22.2596635525821,12.746496745042,16.4121809647437
"5","ugt5b3",34.0055088924406,42.1734252986465,6.76844049697131,27.6491248960195,1.94603522688642,4.97753227211765,0.575169430998983,2.49957897666768
"6","ugt5b2",734.954717260296,244.69282224823,210.107645849645,396.585061786057,29.7226474106481,10.4075674780642,10.6870191050134,16.9390779979086
"7","ugt5b1",36.9419177383059,18.1737028606539,12.297589071962,22.4710698903073,1.77879782457587,0.870197949670918,0.723600251901946,1.12419867538291
"8","cyp4v2a",4786.15697302852,2882.22753597719,2510.04279275007,3392.80910058526,287.84597617688,186.692268122399,179.156000829877,217.898081709719
"9","clockb",5.49392622774806,9.21728470444646,10.867636854292,8.52628259549551,0.85139041176281,3.42857992170342,2.54187780796325,2.27394938047649
"10","dnajb14",24.6279451588706,26.9562099847019,14.2995221767,21.9612257734242,2.59978143591858,5.60407479588071,3.11704723896223,3.77363449025384
"11","nr3c2",4.92558903177412,11.4781281225182,2.85990443533999,6.4212071965441,0.364881605041204,0.939813785644592,0.278307789193056,0.527667726626284
"12","txna",2172.46893161037,1932.93416693529,1938.63388656914,2014.67899503827,120.137268459816,128.35419757646,116.314102030085,121.60185602212
"13","dnaja1",36.9419177383059,14.4346156692275,17.9220677947973,23.0995337341102,2.37173043276783,2.38434238209832,1.16889271461084,1.97498850982566
"14","cyp2u1",320.068564199322,302.25737389298,139.468006296747,253.93131479635,14.4888404001778,15.767986848037,6.03000209918288,12.0956097824659
"15","prdx2",20332.6420774316,11196.3922504201,8344.81982173072,13291.2847165275,1355.97606133417,761.823497018902,684.117653541758,933.972403964943
"16","abca1a",300.176762340234,391.386777874656,1316.22335129131,669.262297168733,74.0405590229444,94.7993646371498,308.049614931487,158.963179530527
"17","dnajb1b",17.6184530751921,24.5214555344708,10.6769765586026,17.6056283894218,1.82440802520602,2.90646115190087,1.85538526128704,2.19541814613131
"18","cyp3a65",1468.58331439665,10054.4924132617,1502.3077998841,4341.79450918082,75.6217126447896,673.098114070455,88.0194767954572,278.913101170234
"19","abcf3",104.005706863231,141.824446725964,126.693766485562,124.174640024919,4.89549486763616,8.02322509596586,6.75360235108483,6.55744077156228
"20","slc22a23",89.6078312318908,98.0858221378831,158.72469616137,115.472783177048,14.0935519947165,21.1632141359967,39.2970598340595,24.8512753215909
"21","cyp8b1.2",66.7796205269376,46.173379038312,54.9101651585278,55.9543882412591,4.241748658604,2.95867302888112,3.06138568112362,3.42060245620291
"22","cyp8b1.1",3100.46884976982,1144.85632470511,1066.74435438182,1770.68984295225,180.479563893506,76.3685720631198,69.5769472982641,108.808361084963
"23","cyp8b1.3",13.1664783733962,11.7389946707573,4.95716768792265,9.95421357735872,0.790576810922609,0.348079179868367,0.204092378741575,0.447582789844184
"24","aldh9a1b",308.985988877831,329.996183522399,543.381842714598,394.121338371609,16.966994634416,20.0145528424311,32.9887499456836,23.3234324741769
"25","prdx1",116.130233710675,194.867311534571,146.236446793718,152.411330679655,5.41241047477786,11.0863218788075,7.34732563469668,7.94868599609401
"26","mtf2",1.70501158792181,2.43475445023114,2.28792354827199,2.14256319547498,0.182440802520602,0.469906892822296,0.0742154104514817,0.24218770193146
"27","abcd3b",40.4466637801452,35.1300284961922,27.2644222835746,34.2803715199707,1.94603522688642,1.37491276048005,1.41009279857815,1.57701359531487
"28","tfa",409269.276553164,445031.722676599,427221.008934246,427174.002721336,24379.6252544289,29373.7406386498,30624.4325072255,28125.9328001014
"29","dnajc1",310.596277599757,315.822434401411,517.07072190947,381.163144636879,17.2406558381969,20.049360760418,32.5805651882005,23.2901939289385
"30","cyp7a1",121.24526847444,18.7823914732117,62.6319071339458,67.5531890271992,4.83468126679596,0.591734605776224,3.41390888076816,2.94677491778011
"31","dnajb6a",61.0015257012026,82.2599182113807,105.62580381189,82.9624159081578,12.6492289747617,13.5054721788926,13.9896048701043,13.3814353412529
"32","abcf2a",68.5793549808551,186.606537507001,308.869679016719,188.018523834858,4.37857926049445,12.6178702702283,18.7022834337734,11.8995776548321
"33","keap1a",369.60862311505,1443.98330001923,471.312250944031,761.63472469277,19.2018944652934,74.9066395076726,23.6561620814098,39.2548986847919
"34","cyp7b1",102.300695275309,10.7824839938808,47.0930930352652,53.3920907681517,13.3789921848442,6.03917377071617,10.4829267262718,9.96703089394406
"35","slc39a6",25.3857280868359,50.9559324226946,56.7214379675765,44.3543661590357,1.48993322058492,2.43655425907857,3.26547805986519,2.39732184650956
"36","slco5a1a",14.5873213633311,30.9561637243674,28.4083840577106,24.6506230484697,1.91562842646632,6.96158359736734,5.9557866887314,4.94433290418835
"37","per2",31.4479915105579,153.650396912801,95.9974588795791,93.698615767646,2.55417123528843,14.0972067846689,7.94104891830854,8.19747564608862
"38","hsd11b1lb",259.06703849812,436.255824171773,364.542485358004,353.288449342632,33.9035824684119,88.9516344153613,84.4942447990119,69.116487227595
"39","gpx4b",3652.13482132852,4639.1637383672,1405.35703952607,3232.21853307393,197.993880935483,299.278478850822,84.5684602094633,193.946939998589
"40","txn2",160.839426460624,152.867797268084,193.329539828983,169.01225451923,13.8807043917758,15.5243314221292,17.9230216240328,15.7760191459793
"41","cyp2k22",4482.75963324443,9919.62440782207,9853.22875107687,8085.20426404779,196.397523913428,493.489257258378,522.235289494464,404.04069022209
"42","dnaja3a",561.327703890259,534.776423890054,498.767333523294,531.623820434536,32.1855982446762,43.2488380986446,36.0130279215815,37.1491547549674
"43","hmox2b",1.5155658559305,4.69559786830291,6.86377064481598,4.3583114563498,1.55074682142512,4.87310851815714,5.2692941420552,3.89771649387915
"44","abca3b",28.7957512626795,50.5211548422962,57.7700695938678,45.6956585662812,3.04068004201004,5.55186291890046,7.64418727650261,5.41224341247104
"45","cyp2k18",26.2382338807968,41.3038701378497,20.6866420822926,29.4095820336464,1.56595022163517,12.6178702702283,3.4510165859939,5.87827902595246
"46","cyp2k19",358.336602061567,190.693446762746,164.158514588516,237.72952113761,77.3853070691554,103.483940174866,68.0926390892344,82.9872954444186
"47","cyp2k21",26.4276796127881,39.9125818805748,13.155560402564,26.4986072986423,1.64196722268542,11.7128644025706,1.26166197767519,4.8721645343104
"48","cyp2k16",19.7970789930921,76.6947651822809,7.14976108834998,34.5472017545743,0.973017613443211,4.47281746130852,0.90913877803065,2.11832461759413
"49","cyp2k6",0.189445731991312,0,0.0953301478446664,0.0949252932786595,0.0304068004201004,0.0348079179868367,0.0742154104514817,0.0464767096194729
"50","dnajc7",151.746031325041,146.520044594267,150.430973298884,149.565683072731,9.13724352624016,14.3582661695702,13.1361276499123,12.2105457819076
"51","nfe2l1a",16.2923329512529,68.5209466707907,43.6612077128572,42.8248291116336,3.13190044327034,15.2110601602476,9.23981860120947,9.19425973490914
"52","hmox1a",16.2923329512529,122.520322156274,26.1204605094386,54.9777052056552,1.26188221743416,9.85064079027479,2.11513919786723,4.40922073519206
"53","naa60",47.3614329978281,38.6082491393795,28.7897046490892,38.2531289287656,3.74003645167234,5.04714810809133,2.89440100760778,3.89386185579048
"54","sult3st1",303.776231248069,146.259178046028,62.7272372817905,170.920882191963,20.7982514873486,31.1704905572123,6.15987906747298,19.3762070373446
"55","hsd17b14",89.1342169019125,69.9122349280656,87.8943963127824,82.3136160475868,11.6762113613185,10.5816070679984,12.319758134946,11.5258588547543
"56","aldh16a1",309.459603207809,311.387703081347,133.366876834688,251.404727707948,17.1342320367265,17.3865550344249,7.75551039217983,14.0920991544437
"57","fthl27",850.042999445019,1419.98357758123,740.905909048747,1003.644162025,106.271767468251,195.568287209042,99.7640654994042,133.868040058899
"58","fthl31",42.2463982340627,29.9126975314112,40.8013032775172,37.6534663476637,3.58800244957184,3.56781159365076,3.80353978563843,3.65311794295368
"59","hsd3b7",2032.84742713278,1858.67415620324,1083.9991111417,1658.50689815924,100.646509390532,112.272939466542,58.6301742566705,90.5165410379148
"60","rarab",3.031131711861,8.78250712404804,7.81707212326264,6.54357031972389,0.973017613443211,2.48876613605883,2.91295486022066,2.12491286990757
"61","aldh3b1",8.71450367160037,5.56515302909975,2.47858384396133,5.58608018155382,0.334474804621104,0.417695015842041,0.111323115677222,0.287830978713456
"62","clpp",350.474604183928,202.954174529982,332.892876273575,295.440551662495,17.7575714453386,11.4344010586759,22.1718538723801,17.1212754587982
"63","thraa",90.9339513558299,35.999583656989,86.9410948343357,71.2915432823849,6.96315729620298,6.71792817145949,15.9748670996814,9.88531752244796
"64","abcc1",6.72532348569159,15.9998149586618,16.2061251335933,12.9770878593156,0.456102006301505,1.02683358061168,1.3173235355138,0.933419707475662
"65","abcc6b.2",60.7173571032156,14.4346156692275,91.3262816351904,55.4927514692112,3.08629024264019,1.11385337557878,4.84255553195918,3.01423305005938
"66","cyp3c4",35.6157976143667,39.3908487840967,71.6882711791891,48.8983058592175,1.42911961974472,3.44598388069684,3.72932437518695,2.8681426252095
"67","cyp3c3",19.5129103951052,102.172731393628,232.033579853918,117.906407214217,2.15888282982712,22.2770675115755,19.611422211804,14.6824575177355
"68","cyp3c2",23.3018250349314,33.5648292067579,22.7839053348753,26.5501865255215,1.15545841596381,1.25308504752612,0.612277136224724,1.00694019990488
"69","cyp3c1",2710.40008759971,2284.75618499369,5254.97906978939,3416.71178079426,135.006193865246,126.666013554099,261.961845041117,174.544684153487
"70","mafk",0.568337195973937,0.869555160796836,0.762641182757331,0.733511179842701,0.714559809872358,1.705587981355,2.05947764002862,1.49320847708533
"71","slc16a5b",2.65224024787837,1.73911032159367,2.47858384396133,2.28997813781112,0.456102006301505,0.330675220874949,0.259753936580186,0.348843721252213
"72","dnajb1a",35.2369061503841,26.7822989525426,34.8908341111479,32.3033464046915,2.37173043276783,1.705587981355,2.18935460831871,2.08889100748051
"73","dnajc2",4.5466975677915,41.9995142664872,24.5951781439239,23.7137966594009,0.425695205881405,1.77520381732867,1.78116985083556,1.32735629134855
"74","aldh1l2",2.27334878389575,3.13039857886861,12.7742398111853,6.05932905798322,0.486508806721606,0.730966277723571,1.48430820902963,0.900594431158269
"75","hspa14",271.665179675542,218.693122940404,133.080886391154,207.813063002367,17.1798422373567,19.3532024006812,10.3530497579817,15.6286981320065
"76","hsp90b1",2124.06554708659,2121.97545889252,10840.9444128955,5028.99513962487,106.925513677283,125.378120588586,643.354839351282,291.886157872384
"77","mgst1.1",70.6632580327595,105.303129972497,114.777498004978,96.9146286700782,15.9939770209728,33.8681042011921,30.3169951694303,26.7263587971984
"78","mgst1.2",4620.6761261341,4938.46462471347,4831.04590232416,4796.72888439058,254.58093651729,303.124753788368,278.511881571798,278.739190625819
"79","abcc9",7.95672074363512,15.4780818621837,23.4512163697879,15.6286729918689,0.304068004201003,0.452502933828877,0.853477220192039,0.536682719407306
"80","akr1b1.1",1075.48342051468,695.904995185708,240.231972568559,670.540129422982,52.6341715271937,38.2539018675336,11.7631425565598,34.2170719837624
"81","akr1b1.2",111.2046446789,62.9557936416909,35.6534752939052,69.937971204832,7.84495450838589,6.78754400743316,1.92960067173852,5.52069972918586
"82","dnajb9b",22.3545963749749,6.08688612557785,104.672502333444,44.3713282779989,0.942610813023111,1.0442375396051,6.4567407092789,2.81452968730237
"83","pparaa",23.680716498914,90.2598256907116,74.1668550231504,62.702465737592,3.67922285083214,25.2183365814632,20.8359764842535,16.5778453055163
"84","slco1d1",7883.40524535448,6274.01439618133,6831.26306440095,6996.22756864559,494.201727227891,468.671211733763,551.531822770186,504.801587243947
"85","hspa5",788.852028011825,441.820977200872,10612.7240389553,3947.79901472267,41.3836553717566,26.001514736167,567.339705196352,211.574958434759
"86","hspb1",36.373580542332,59.1297509341848,48.2370548094012,47.913462095306,2.52376443486833,4.59464517426245,3.52523199644538,3.54788053519205
"87","prdx4",1777.2851346765,1604.5901382184,1168.65228242777,1516.84251844089,61.7866184536439,55.7970925328993,41.9317069050871,53.1718059638768
"88","ugt2b1",104.858212657191,129.563718958729,90.8496308959671,108.423854170629,8.62032791909845,8.44092011180791,4.41581692186316,7.15902165092317
"89","ugt2b5",30.8796543145839,55.2167527105991,54.9101651585278,47.0021907279036,1.44432301995477,2.43655425907857,2.26357001877019,2.04814909926784
"90","ugt2b6",75.1152327345554,96.6945338806082,42.6125760865659,71.4741142339098,3.16230724369044,4.12473828144015,2.04092378741575,3.10932310418211
"91","gstt2",181.678456979669,129.12894137833,222.119244478073,177.642214278691,20.1901154789466,28.1073937743707,41.4678605897654,29.9217899476942
"92","hspb8",136.969264229719,56.8689075161131,77.2174197541798,90.3518638333373,20.9958956900793,14.5845176364846,15.9563132470686,17.1789088578775
"93","slc39a14",14.5873213633311,27.8257651454987,22.4979148913413,21.6370004667237,1.00342441386331,1.65337610437474,1.46575435641676,1.37418495821827
"94","npas2",0.947228659956562,5.21733096478102,5.14782798361199,3.77079586944986,0.516915607141706,4.24656599439408,0.797815662353428,1.85376575462974
"95","abca2",2.84168597986969,12.3476832833151,2.09726325258266,5.76221083858915,0.334474804621104,1.58376026840107,0.371077052257408,0.763104041759861
"96","cyp1d1",227.808492719553,647.644683761484,371.882906742044,415.778694407694,14.6256710020683,51.3416790305842,34.1205349550687,33.3626283292404
"97","abcb9",6.062263423722,40.6082260092122,2.85990443533999,16.5101312894247,0.243254403360803,2.61059384901275,0.296861641805927,1.05023663139316
"98","ar",32.2057744385231,100.433621072035,104.958492776978,79.1992960958454,7.14559809872358,45.4069290138285,42.3398916625703,31.6308062583741
"99","hsd20b2",82.6930620142079,132.085428925039,224.883818765568,146.554103234938,9.63895573317181,15.9072185199844,27.4225941618225,17.6562561383262
"100","akr1a1a",1055.11800432561,1225.29017707882,832.518181127472,1037.64212084397,40.3802309578933,55.4490133530309,36.5696434999676,44.1329626036306
"101","slc30a5",547.687611186884,387.734646199309,476.841399519021,470.754552301738,18.5025380556311,13.2096048760045,16.7726827620349,16.1616085645568
"102","slc31a1",281.895249203073,126.607231412019,310.966942269302,239.823140961465,141.513249155147,125.064849326704,270.403847979973,178.993982153941
"103","aldh2.1",832.803437833809,1044.68357018132,1765.13301749184,1214.20667516899,45.5493870293103,60.4961614611222,98.8363728687607,68.2939737863977
"104","aldh2.2",1891.42618820126,2546.84011045785,1735.77133195569,2058.01254353827,100.312034585911,149.273756286549,103.530497579817,117.705429484092
"105","ugt2a5",204.127776220639,222.953943228309,166.637098432477,197.906272627142,9.66936253359191,12.2175792133797,6.23409447792446,9.37367874163202
"106","ugt2a1",709.853157771448,270.257743975657,305.056473102932,428.389124950012,30.8476990261918,10.9296862478667,10.7983422206906,17.5252424982497
"107","ugt2a2",7.38838354766118,14.3476601531478,13.441550846098,11.725864848969,0.319271404411054,0.696158359736734,0.426738610096019,0.480722791414602
"108","ugt2a3",300.366208072226,228.258229709169,213.348870876363,247.324436219253,10.5663631459849,10.5119912320247,7.88538736046993,9.65458057949318
"109","ugt2a4",6.34643202170897,21.0432348912834,5.05249783576732,10.8140549162532,0.425695205881405,0.696158359736734,0.166984673515834,0.429612746377991
"110","dnajc25",19.8918018590878,8.86946264012773,17.7314074991079,15.4975573327745,5.22996967225726,5.25599561601234,7.38443333992242,5.95679954273067
"111","keap1b",86.7661452520211,138.954914695334,107.723067064473,111.148042337276,5.32119007351756,10.3031437241037,8.07092588659863,7.89841989473996
"112","hmox1b",5230.50193741414,6865.39886103926,2120.6191388046,4738.839979086,217.667080807288,287.269747145363,93.2516632322867,199.396163728313
"113","abcc4",188.024889001378,184.345694088929,153.00488729069,175.125156793666,20.311742680627,26.2973820390551,18.6280680233219,21.7457309143347
"114","cyp27a2",121.90832853641,106.520507197612,79.6960035981411,102.708279777388,15.6899090167718,22.5555308554702,16.6613596463576,18.3022665061999
"115","cyp20a1",959.92152399998,430.603715626593,653.297503179499,681.274247602024,38.190941327646,19.2835865647075,29.6490564753669,29.0411947892401
"116","nfe2l2b",10.2300695275309,23.6519003736739,41.0872937210512,24.989754540752,1.09464481512361,1.8970315302826,2.70886248147908,1.90017960896176
"117","slc15a1b",3.97836037181756,797.729904515017,1.143961774136,267.61740888699,2.58457803570853,244.421200103567,0.111323115677222,82.3723670849842
"118","aldh1l1",11398.0971881233,16811.1099236852,12581.9589029826,13597.0553382637,451.723427041011,679.833446200908,503.996852376012,545.184575205977
"119","slco2a1",336.455620016571,530.42864808607,987.14368093152,618.00931634472,77.5069342708358,116.293253994021,247.526947708304,147.109045324387
"120","dnajc6",3.78891463982625,1.73911032159367,3.05056473102932,2.85952989748308,0.273661203780903,0.0348079179868367,0.519507873160372,0.275992331642704
"121","akr1a1b",220.89372350187,244.69282224823,282.272567768057,249.286371172719,8.2706497142673,10.1987199701432,12.1156657562044,10.1950118135383
"122","hsd17b7",19.5129103951052,10.0868398652433,6.48245005343731,12.0274001045953,1.94603522688642,1.0442375396051,0.259753936580186,1.08334223435724
"123","vdrb",10.6089609915135,56.1732633874756,20.5913119344479,29.124512104479,1.44432301995477,7.74476175207117,3.50667814383251,4.23192097195282
"124","gpx1b",90.7445056238386,2425.71107655885,24.4045178482346,846.953366676974,7.26722530040399,189.859788659201,1.74406214560982,66.2903587017383
"125","ncoa5",39.0258207902104,112.78130435535,82.3652477377918,78.0574576277841,2.91905284032963,6.75273608944632,6.04855595179576,5.2401149605239
"126","cyp24a1",4156.81825135338,3453.43832110463,1788.39357356594,3132.88338200798,226.409035928067,191.147681624714,90.8396623926135,169.465459981798
"127","arnt2",2.27334878389575,4.52168683614355,3.90853606163132,3.56785722722354,1.42911961974472,3.30675220874949,2.67175477625334,2.46920886824918
"128","fth1a",4697.96998478656,10660.3114937888,5165.75005140678,6841.34384332738,343.414403944613,919.016054647457,389.352597081086,550.594351891052
"129","clpxa",300.555653804217,362.952324116599,1054.25610501417,572.588027644995,36.8378387089516,55.8319004508861,140.693864363396,77.7878678410779
"130","slc39a1",117.077462370631,179.302274156308,133.462206982533,143.280647836491,8.1490225125869,13.7839355227873,10.167511231853,10.7001564224091
"131","dnajc3b",11.3667439194787,17.5650142480961,32.2215899714972,20.3844493796907,2.25010323108743,6.80494796642658,8.92440310679067,5.99315143476823
"132","ugt5g1",156.861066088807,65.5644591240814,103.242550115774,108.556025109554,11.204905954807,6.87456380240025,9.64800335869261,9.24249103863329
"133","txnb",4975.41325928784,2198.6702240748,4031.32129205525,3735.1349251393,284.425211129619,135.768284107657,244.020269564472,221.404588267249
"134","cyp26b1",0.189445731991312,1.0434661929562,2.09726325258266,1.11005839251006,0.212847602940702,0.417695015842041,0.333969347031667,0.321503988604803
"135","nat16l",1.32612012393919,5.21733096478102,0.571980887067998,2.37181065859607,0.152034002100502,0.487310851815714,0.0742154104514817,0.237853421455899
"136","cyp2r1",21.217921983027,19.8258576661679,403.341855530783,148.128545059993,1.18586521638391,2.15809091518388,40.7442603378634,14.6960721564771
"137","aldh1a2",11.840358249457,121.911633543716,9.34235448877731,47.6981154273168,1.88522162604622,26.1059384901275,1.29876968290093,9.76330993302488
"138","slc39a13",10.9878524554961,10.434661929562,6.38711990559265,9.26987809688358,0.790576810922609,0.278463343894694,0.296861641805927,0.45530059887441
"139","nr1h3",77.1991357864598,63.1297046738503,65.2058211257518,68.5115538620206,21.7712691007919,32.1625162198371,39.092967455318,31.0089175919823
"140","hsd11b2",2200.60162281108,1708.5889354497,1624.52104942096,1844.57053589391,200.563255570982,165.459438150428,171.103628795891,179.042107505767
"141","abcc12",140.00039594158,492.08126549493,93.6142051834624,241.898622206657,8.58992111867835,33.3285814723962,4.6384631532176,15.5189885814307
"142","slc67a1",1652.9140116242,963.641029195054,1396.30067548083,1337.61857210003,79.4225626973021,62.1147296475101,75.3471954608668,72.2948292685597
"143","dnajb6b",7.5778292796525,19.9997686983272,17.3500869077293,14.975894961903,1.06423801470351,3.01088490586138,1.89249296651278,1.98920529569256
"144","abcf2b",5.87281769173068,25.7388327595863,4.00386620947599,11.871838886931,0.410491805671355,2.69761364397985,0.111323115677222,1.07314285510948
"145","dnaja2a",1814.70066674478,1976.32496945905,2531.58740616296,2107.53768078893,116.488452409404,164.467412487804,206.912564338731,162.622809745313
"146","hsd17b12b",468.309849482524,635.210044962089,214.111512059121,439.210468834578,46.8568794473746,82.3555339568557,28.6471484342719,52.6198539461674
"147","per1b",23.3018250349314,87.390293660082,34.7001738154586,48.4640975034907,7.05437769746328,15.767986848037,7.97815662353428,10.2668403896782
"148","cyp2x10.2",1711.16857421153,469.385875798132,2425.58028175969,1535.37824392312,58.168209203652,17.6128065013394,86.2939685024603,54.0249947358172
"149","cyp2x12",284.35804371896,1755.19709206841,43.9471981563912,694.500777981254,12.436381371821,84.2525654871383,2.07803149264149,32.9223261172003
"150","slc22a31",73.5996668786249,225.997386291098,237.848718872443,179.148590680722,6.87193689494268,23.9130396569568,29.3150871283353,20.0333545600783
"151","nqo1",409.392226833226,749.556548606873,554.344809716735,571.097861718945,28.3391379915335,50.4366731629264,35.512073901034,38.0959616851646
"152","cyp7a1b",96.9014919135563,108.520484067445,63.2038880210138,89.5419546673384,6.49185188969143,7.32706673622913,5.15797102637798,6.32562988409951
"153","hspa12b",9.28284086757431,6.43470818989659,6.29178975774798,7.33644627173963,0.364881605041204,0.522118769802551,0.204092378741575,0.363697584528443
"154","bmal1b",8.33561220761774,16.6085035712196,8.38905301033064,11.111056263056,0.82098361134271,0.800582113697245,0.89058492541778,0.837383550152578
"155","hnf4b",545.982599598962,1200.76872154435,1244.15375952074,996.968360221351,32.4592594484571,76.8210749969487,95.7378794824113,68.3394046426057
"156","sod3a",952.817309050306,983.119064796903,734.42345899531,890.11994428084,64.5232304914529,70.1553587024694,52.2105412526173,62.2963768155132
"157","hsd17b4",901.193347082673,2040.67205135801,1124.99107471491,1355.6188243852,47.3585916543063,119.217119104916,64.4004224192732,76.9920443928318
"158","abcd1",11.9350811154527,14.7824377335462,40.2293223904492,22.3156137464827,0.440898606091455,0.939813785644592,2.26357001877019,1.21476080350208
"159","nr1h5",707.863977585539,836.077287106158,1157.30799483425,900.416419841982,31.0605466291325,39.8376621359346,57.7952508890913,42.8978198847195
"160","ugt5e1",109.878524554961,46.434245586551,84.0811903989958,80.1313201801693,7.48007290334469,5.72590250883464,6.97624858243928,6.7274079982062
"161","gclm",71.0421494967422,87.2163826279226,69.4956777787618,75.9180699678089,5.32119007351756,12.7396979831822,7.16178710856798,8.40755838842258
"162","aldh9a1a.2",49.7295046477195,40.6951815252919,33.3655517456332,41.2634126395482,1.39871281932462,2.12328299719704,1.98526222957713,1.83575268203293
"163","aldh9a1a.1",11250.4242400361,6860.79021868704,8458.73934840509,8856.65126904274,580.830701624757,420.549265116961,486.834538709107,496.071501816942
"164","ppardb",125.981411774223,141.563580177725,153.767528473447,140.437506808465,12.9837037793829,16.6555887567014,18.2569909710645,15.9654278357163
"165","gstm.1",435.346292116036,403.212728061493,223.453866547898,354.004295575142,29.9050882131687,26.8020968498643,20.9472995999307,25.8848282209879
"166","gstm.2",33.7213402944536,1.21737722511557,26.6924413965066,20.5437196386919,5.62525807771857,0.226251466914439,5.60326348908687,3.81825767790663
"167","gstm.3",203.369993292674,173.563210095048,79.2193528589178,152.050852082213,12.2235337688803,10.4249714370576,4.67557085844334,9.10802535479375
"168","hsd17b3",653.114161040049,1379.37535157202,1491.24950273412,1174.57967178206,64.9033154967042,117.946630098396,177.133630895074,119.994525496725
"169","gstt1a",19510.3528777233,9744.75686498582,10541.2264280718,13265.4453902603,823.857053982409,434.228776885788,456.313451160935,571.466427343044
"170","slc15a4",8.14616647562643,15.651992894343,17.0640964641953,13.6207519447216,0.562525807771857,2.64540176699959,1.91104681912565,1.7063247979657
"171","gpx8",9.09339513558299,7.82599644717152,4.95716768792265,7.29218642355905,0.699356409662308,0.870197949670918,0.259753936580186,0.609769431971137
"172","sult1st1",37.9838692642581,53.5645979050851,35.6534752939052,42.4006474877495,2.46295083402813,3.62002347063102,2.70886248147908,2.93061226204608
"173","sult1st2",29.3640884586534,204.693284851575,1.81127280904866,78.622882039759,2.67579843696883,88.5513433585126,0.259753936580186,30.4956319106872
"174","sult1st3",1192.27671428732,982.075598603947,1829.48086728699,1334.61106005942,104.675410446195,109.453498109608,161.474179289811,125.201029281871
"175","sult1st4",495.021697693299,379.2130056235,401.721243017424,425.318648778074,31.6990894379546,31.988476629903,35.0482275857122,32.9119312178566
"176","slc15a1a",5.3992033617524,533.646002181018,0.381320591378666,179.808842044716,0.577729207981907,41.7869055431975,0.0556615578386112,14.1400987696727
"177","nfe2l2a",388.647919180177,284.083671032326,141.660599697174,271.464063303226,89.4568068359352,142.642847910057,69.447070329974,100.515575025322
"178","dnajb2",36.1841348103407,28.869231338455,30.1243267189146,31.7258976225701,5.92932608191957,8.51053594778158,7.55141801343826,7.33042668104647
"179","nr1i2",68.6740778468507,40.0864929127341,53.9568636800812,54.239144813222,16.069994022023,18.2567529840959,23.0067772399593,19.1111747486927
"180","ugt1a6",5.96754055772634,0.95651067687652,0,2.30801707820095,0.425695205881405,0.0348079179868367,0,0.153501041289414
"181","ugt1a5",279.432454687186,32.1735409494829,46.3304518525079,119.312149163059,10.4903461449346,0.696158359736734,1.74406214560982,4.31018888342705
"182","ugt1a4",574.115290799672,239.12766921913,140.897958514417,318.046972844406,20.5245902835677,9.22409826651173,5.17652487899085,11.6417378096901
"183","ugt1ab",1398.67783929186,931.815310309889,137.561403339854,822.684850980534,44.0746572089355,33.5548329393106,4.93532479502353,27.5216049810899
"184","ugt1a2",11.7456353834614,44.9560018131964,0.953301478446664,19.2183128917015,0.243254403360803,1.77520381732867,0.111323115677222,0.709927112122232
"185","ugt1a1",202.043873168735,135.476694052147,88.4663771998504,141.995648140244,7.17600489914368,4.57724121526903,3.30258576509093,5.01861062650121
"186","abcb6b",3.22057744385231,2.43475445023114,1.33462206982533,2.32998465463626,0.212847602940702,0.10442375396051,0.222646231354445,0.179972529418552
"187","dnajc15",60.62263423722,37.7386939785827,41.7546047559639,46.7053109905889,5.01712206931656,4.03771848647306,3.15415494418797,4.0696651666592
"188","cyp27a3",344.507063626202,434.777580398418,433.180191806164,404.154945276928,19.5211658697044,32.7542508256134,29.2223178652709,27.1659115201962
"189","slc39a10",5.30448049575675,10.2607508974027,4.19452650516532,6.58658596610826,1.15545841596381,7.24004694126204,0.964800335869262,3.12010189769837
"190","dnajc3a",210.095316778365,118.25950186837,785.806408683585,371.387075776773,13.4702125861045,9.32852202047224,59.5393130347012,27.446015880426
"191","hspd1",763.65574565698,409.908302799628,326.982407107206,500.182151854605,54.2153251490389,40.516416536678,30.8365030425906,41.8560815761025
"192","hspe1",2129.37002758235,805.903723026508,1042.91181742065,1326.06185600984,126.857171352659,50.8543681787685,64.6972840610791,80.8029411975022
"193","dnajb11",171.82727891612,96.2597563002097,696.291399857443,321.459478357924,13.2573649831638,11.1385337557878,51.4869410007154,25.2942799132223
"194","dnajc28",88.2817111079516,155.998195846952,129.267680477368,124.515862477424,5.00191866910651,8.21466864489347,8.36778752840456,7.19479161413485
"195","slc15a2",3.97836037181756,7.30426335069342,2.85990443533999,4.71417605261699,0.152034002100502,0.417695015842041,0.0371077052257408,0.202278907722761
"196","cyp27a1.1",310.027940403783,985.466863731054,244.045178482346,513.179994205728,19.9772678760059,81.1024489093296,18.5909603180962,39.8902257011439
"197","cyp27a1.2",31.9216058405361,62.6079715773722,7.53108167972864,34.0202196992123,1.58115362184522,3.42857992170342,0.482400167934631,1.83071123716109
"198","cyp27a1.4",54.6550936794936,88.1728933047992,23.1652259262539,55.3310709701822,2.02205222793667,4.61204913325587,1.66984673515834,2.76798269878363
"199","dnajc10",95.6700946556128,63.1297046738503,58.9140313680038,72.5712768991556,4.2721554590241,3.41117596271,3.19126264941371,3.6248646903826
"200","hsdl2",2299.39757204455,3937.69359015239,4660.11894723867,3632.40336981187,86.4617369945554,159.228820830785,181.69787863784,142.462812154393
"201","aldh7a1",2377.16504502699,2831.09769252234,2097.45391287835,2435.23888347589,88.468585822282,117.076432148725,87.9452613850058,97.8300931186709
"202","per1a",6.44115488770462,32.695274045961,7.62641182757331,15.5876135870796,1.48993322058492,5.34301541097944,1.5028620616425,2.77860356440229
"203","bach1b",43.3830726260105,78.7816975681933,103.337880263618,75.1675501526073,2.70620523738893,5.88253813977541,8.2750182653402,5.62125388083485
"204","sod1",7155.55474304386,5387.06813216856,4791.0072402294,5777.87670514727,383.551380499146,338.994313273803,273.261141282355,331.935611685101
"205","ugt5d1",707.863977585539,242.605889862317,306.009774581379,418.826547343078,27.3205101774602,11.399593140689,11.744588703947,16.8215640073654
"206","hspa8",32178.8731445803,31584.8521056235,34746.2182768675,32836.6478423571,1760.93382932906,2026.39515748068,2150.66982562087,1979.33293747687
"207","pparg",18.0920674051703,43.1299359755231,35.5581451460606,32.260049508918,1.29228901785427,2.66280572599301,1.78116985083556,1.91208819822761
"208","dnajc14",3.97836037181756,5.21733096478102,8.38905301033064,5.86158144897641,0.775373410712559,3.1327126188153,1.39153894596528,1.76654165849771
"209","dnajc16l",29.9324256546274,32.3474519816423,27.0737619878853,29.784546541385,4.16573165755375,7.91880134200535,4.74978626889483,5.61143975615131
"210","abcc10",23.3018250349314,59.1297509341848,46.3304518525079,42.9206759405414,1.12505161554371,1.91443548927602,1.59563132470686,1.54503947650886
"211","abcb11b",787.336462155894,781.556178524196,1112.31216505157,893.734935243887,47.7082698591375,48.2437743297557,76.9057190803479,57.6192544230804
"212","ncoa3",30.6902085825926,40.6951815252919,33.5562120413226,34.9805340497357,5.16915607141706,8.85861512764995,5.90012513089279,6.6426321099866
"213","ugt1b7",98.7012263674738,33.2170071424391,39.9433319469152,57.2871884856094,3.84646025314269,1.06164149859852,1.28021583028806,2.06277252734309
"214","ugt1b5",56.7389967313981,41.4777811700091,33.9375326327012,44.0514368447028,7.44966610292459,8.63236366073551,7.0875716981165,7.72320048725887
"215","ugt1b4",59.7701284432591,21.7388790199209,37.6554083986432,39.7214719539411,2.15888282982712,1.06164149859852,1.46575435641676,1.56209289494747
"216","ugt1b3",23.8701622309054,11.2172615742792,4.76650739223332,13.2846437324726,1.04903461449346,0.417695015842041,0.259753936580186,0.575494522305229
"217","ugt1b1",38.4574835942364,9.30424022052614,14.2995221767,20.6870819971542,1.48993322058492,0.20884750792102,0.500954020547501,0.733244916351147
"218","gpx1a",13817.8875228483,8959.4615992702,10904.43429136,11227.2611378262,937.183199148123,656.338101559793,803.251941168999,798.924413958972
"219","per3",5.11503476376544,27.47794308118,15.157493507302,15.9168237840825,0.456102006301505,1.75779985833525,0.575169430998983,0.929690431878579
"220","akr7a3",713.168458081296,947.032525623834,529.368310981433,729.856431562188,34.9678204831154,51.2720631946105,30.7622876321391,39.000723769955
"221","aldh4a1",207.82196799447,419.995142664872,293.521525213728,307.112878624357,12.5732119737115,25.044296991529,18.0900062975487,18.5691717542631
"222","sult6b1",84.4927964681253,2823.35865159125,59.6766725507612,989.176040203379,4.68264726469546,179.104142001268,3.74787822779982,62.5115558312544
"223","sult2st1",24.249053694888,69.5644128637469,60.4393137335185,51.4175934307178,1.64196722268542,4.57724121526903,4.6384631532176,3.61922386372402
"224","sult2st2",2925.98933060582,2235.45240737651,1213.5527820626,2124.99817334831,125.519272134174,97.3577466091823,48.0915859725601,90.3228682386388
"225","abcc3",12.408695445431,14.7824377335462,19.1613597167779,15.4508309652517,0.82098361134271,1.47933651444056,1.15033886199797,1.15021966259375
"226","slc39a11",2.27334878389575,8.34772954364963,4.28985665300999,4.97031166018512,0.83618701155276,5.81292230380173,3.06138568112362,3.2368316654927
"227","cyp26a1",0.189445731991312,43.2168914916028,0.571980887067998,14.6594393702207,0,3.44598388069684,0,1.14866129356561
"228","dnajc9",55.1287080094719,45.6516459418339,26.2157906572833,42.332048202863,3.81605345272259,3.06309678284163,2.24501616615732,3.04138880057385
"229","raraa",15.5345500232876,18.0867473445742,45.9491312611292,26.5234762096637,1.87001822583617,2.01885924323653,5.97434054134427,3.28773933680566
"230","sult1st6",540.488673371214,711.991765660449,291.3289318133,514.603123614988,24.4622709379707,33.1023300054817,13.7112970809112,23.7586326747879
"231","maff",42.6252896980453,28.3474982419769,42.5172459387212,37.8300112929145,8.2402429138472,6.85715984340683,10.7612345154648,8.61954575757294
"232","thrab",0.378891463982625,0.173911032159367,0.762641182757331,0.438481226299774,0.273661203780903,1.0442375396051,0.408184757483149,0.575361166956384
"233","slc16a5a",2.46279451588706,2.08693238591241,1.143961774136,1.89789622531182,0.760170010502509,1.46193255544714,1.79972370344843,1.34060875646603
"234","nfe2l1b",5.49392622774806,4.34777580398418,5.43381842714598,5.09184015295941,1.20106861659396,3.48079179868367,1.59563132470686,2.0924972466615
"235","aldh18a1",83.3561220761775,67.3035694456751,173.310208781604,107.989966767819,9.51732853149141,11.2255535507548,22.6913617455405,14.4780812759289
"236","nat9",95.6700946556128,112.69434883927,71.8789314748785,93.4144583232538,3.64881605041204,5.83032626279515,4.78689397412057,4.75534542910925
"237","abca5",22.5440421069662,82.9555623400182,31.7449392322739,45.7481812264194,2.67579843696883,10.3727595600773,3.54378584905825,5.53078128203479
"238","dnajb12b",1.98918018590878,3.04344306278893,3.05056473102932,2.69439599324234,0.243254403360803,0.261059384901275,0.148430820902963,0.217581536388347
"239","slc30a6",126.833917568184,205.388928980213,181.222611052711,171.148485867036,4.25695205881405,7.24004694126204,5.08375561592649,5.52691820533419
"240","abcc2",2402.26660451584,5421.06773895571,2820.4377541323,3547.92403253462,98.1379483558739,243.446578399936,121.212319119882,154.265615291897
"241","gsta.2",46.9825415338455,72.9556779908545,22.3072545956519,47.4151580401173,2.66059503675878,4.49022142030194,1.26166197767519,2.8041594782453
"242","gsta.1",550.813465764741,488.776955883902,281.033275846077,440.207899164907,46.7048454452741,55.9363242048466,30.3169951694303,44.3193882731837
"243","gclc",53.992033617524,92.2598025605443,77.4080800498691,74.5533054093125,5.07793567015676,13.7665315637939,6.97624858243928,8.60690527212998
"244","ncoa4",293.546161720539,1035.72715202511,546.527737593472,625.26701711304,50.4904920975766,180.113571622887,84.5499063568505,105.051323359105
"245","abcg2c",147.388779489241,379.560827687819,493.142854800459,340.030820659173,5.95973288233967,15.9942383149515,20.7432072211891,14.2323928061601
"246","prdx3",1454.94322169328,1101.81334424567,969.412273432412,1175.38961312379,72.8242870061404,66.9878381656673,54.399895860936,64.7373403442479
"247","abcg8",421.706199412661,612.427699749212,366.258428019208,466.797442393694,22.9115241165456,33.5200250213238,18.3126525289031,24.9147338889242
"248","abcg5",221.083169233862,413.038701378497,242.710556412521,292.27747567496,7.52568310397484,16.4293372897869,8.60898761237187,10.8546693353779
"249","nat8",147.483502355237,78.4338755038746,83.6045396597724,103.173972506295,35.9560414967687,43.5621093605262,46.4217392374018,41.9799633648989
"250","slc39a8",127.686423362145,6.60861922205595,201.337272247935,111.877438277379,10.2622951417839,1.46193255544714,24.8992702064721,12.2078326345677
"251","adh8b",1458.44796773512,4055.3444034082,1260.26455450649,2258.0189752166,56.7999031847475,186.378996860517,57.8880201521557,100.355640065807
"252","adh8a",38532.219935507,36908.0948889895,40205.2991931924,38548.5380058963,1817.15600330583,1888.99090122764,2048.01135911386,1918.05275454911
"253","nfkb2",147.009888025258,66.2601032527189,203.053214909139,138.774402062372,10.2470917415738,6.3524450325977,13.5443124073954,10.047949727189
"254","abcb10",15.155658559305,39.4778043001764,23.8325369611666,26.1553332735493,1.21627201680401,4.31618183036775,3.00572412328501,2.84605932348559
"255","gsto1",5.11503476376544,198.780309758157,0,67.9651148406408,0.608136008402007,27.8463343894694,0,9.48482346595714
"256","gsto2",66.4954519289506,409.908302799628,20.2099913430693,165.537915357216,3.49678204831154,26.5236335059696,0.779261809740557,10.2665591213406
"257","cyp17a1",1.13667439194787,1.39128825727494,0.571980887067998,1.03331451209694,0.0608136008402007,0.0348079179868367,0.0371077052257408,0.0442430746842594
"258","hif1an",48.1192159257933,64.5209929311252,64.4431799429945,59.0277962666377,4.43939286133465,7.83178154703826,7.88538736046993,6.71885392294761
"259","dnajb12a",100.879852285374,101.042309684592,157.485404239389,119.802522069785,8.9395993235095,11.9043079514982,15.8820978366171,12.2420017038749
"260","ephx5",892.289397679081,862.511763994382,810.782907418888,855.19468969745,34.3596844747134,39.8376621359346,32.3950266620717,35.5307910909066
"261","esr2b",208.579750922435,559.645701488844,861.593876220095,543.273109543791,15.4314512132009,48.0871386988149,68.0184236787829,43.8456711969329
"262","mgst3b",3885.9108546058,2005.80288941006,1535.3873611862,2475.70036840069,249.807068851334,186.970731466293,120.303180341852,185.693660219826
"263","dnajc12",47.929770193802,50.5211548422962,48.5230452529352,48.9913234296778,3.04068004201004,3.65483138861786,3.09849338634936,3.26466827232575
"264","gstp1.2",5907.67570641709,4008.21451369302,2638.1665114533,4184.6855771878,329.427275751367,288.157349054028,153.867099718534,257.15057484131
"265","abca1b",13.4506469713832,81.1294965023448,235.560795324171,110.0469795993,1.30749241806432,14.7063453494385,22.6728078929276,12.8955485534768
"266","dnajc4",90.9339513558299,108.172662003126,78.7427021196944,92.6164384928834,9.33488772897081,8.75419137368944,7.01335628766502,8.36747846344176
"267","abcb7",203.654161890661,161.389437843893,202.86255461345,189.302051449335,9.88221013653262,10.7904545759194,12.6908351872034,11.1211666332185
"268","hspa9",309.838494671791,329.474450425921,561.58990095293,400.300948683547,35.150261285636,44.1886518842892,59.4094360664111,46.2494497454454
"269","hspa4b",283.031923595021,504.341993262165,473.409514196613,420.2611436846,18.0616394495396,38.149478113573,30.7251799269134,28.9787658300087
"270","nr3c1",96.8067690475606,106.520507197612,70.3536491093638,91.2269751181788,11.813041963209,18.1001173531551,10.594249841949,13.5024697194377
"271","cyp4v2b",5513.43913814316,5059.15888103207,4824.27746182719,5132.29182700081,342.000487725079,375.17714402112,343.506027274683,353.561219673627
"272","gsr",194.750212487069,494.081242364762,157.485404239389,282.105619697073,11.0224651522864,36.356870337251,9.10994163291937,18.8297590408189
"273","adh5",5842.60109747807,5834.88903997893,5883.01408379005,5853.50140708235,251.084154468979,273.416195786602,261.20113708399,261.900495779857
"274","slc30a9",144.547093509371,77.3904093109184,105.149153072667,109.028885297652,10.7336005482954,9.08486659456439,10.0932958214015,9.97058765475376
"275","mgst2",480.150207731981,914.685073642192,516.689401318092,637.174894230755,21.8624895020522,47.9827149448544,22.8954541242821,30.9135528570629
"276","gpx3",1018.3655323193,200.867242144069,406.678410705347,541.970395056239,386.576857140946,207.124515980672,461.360099071636,351.687157397751
"277","nfkb1",1.70501158792181,1.91302135375304,5.81513901852465,3.14439065339983,0.516915607141706,2.50617009505224,4.06329372221862,2.36212647480419
"278","cyp2y3",4241.3110478215,2824.14125123596,2581.73106392926,3215.72778766224,225.603255716935,176.180276890374,161.010332974489,187.597955193933
"279","dnajc30b",114.425222122753,71.1296121531812,48.8090356964692,78.1212899908011,6.47664848948138,5.46484312393337,3.59944740689686,5.18031300677054
"280","bach1a",1.89445731991312,4.95646441654196,4.00386620947599,3.61826264864369,3.34474804621104,4.47281746130852,6.04855595179576,4.62204048643844
"281","aldh3a1",1.89445731991312,20.347590762646,4.00386620947599,8.74863809734504,0.395288405461305,3.72444722459153,0.44529246270889,1.52167603092058
"282","aldh3a2a",341.002317584362,326.170140814893,306.200434877068,324.457631092108,15.3554342121507,20.5714795302205,15.0657283216508,16.997547354674
"283","hif1al",418.580344834805,644.079507602216,763.213163644399,608.624338693807,58.9587860145746,91.2141490845056,104.012897747752,84.7286109489441
"284","slc47a3",20.6495847870531,33.9126512710766,20.4959817866033,25.0194059482443,1.15545841596381,3.51559971667051,1.83683140867417,2.1692965137695
"285","slc47a4",12.5034183114266,12.5215943154744,11.0582971499813,12.0277699256274,1.24667881722411,0.452502933828877,0.667938694063335,0.789040148372107
"286","hspa13",63.9379345470679,58.3471512894677,166.827758728166,96.3709481882339,4.53061326259495,3.96810265049939,11.4662809147539,6.65499894261608
"287","hsph1",2.27334878389575,2.26084341807177,0.571980887067998,1.70205769634517,0.364881605041204,0.174039589934184,0.0742154104514817,0.204378868475623
"288","clpb",3.22057744385231,22.9562562450365,9.15169419308797,11.7761759606589,0.0608136008402007,2.07107112021679,1.11323115677222,1.08170529260974
"289","mtf1",0.473614329978281,2.08693238591241,1.71594266120399,1.42549645903156,0.121627201680401,0.10442375396051,0.111323115677222,0.112458023772711
"290","arnt",13.0717555074006,14.1737491209884,24.2138575525453,17.1531207269781,1.88522162604622,6.38725295058454,5.62181734169974,4.6314306394435
"291","cyp4t8",1677.92084824705,1777.97943728129,1726.90562820613,1727.60197124482,73.7668978191635,89.1256740052954,86.479507028589,83.1240262843493
"292","rxrbb",67.4426805889072,51.6515765513321,72.6415726576358,63.9119432659584,4.19613845797385,4.28137391238092,5.58470963647399,4.68740733560959
"293","ahr1a",29.742979922636,74.1730552159701,10.6769765586026,38.1976705657362,2.49335763444823,4.96012831312423,1.11323115677222,2.85557236811489
"294","abcb4",164.62834110045,1337.81061488593,338.803345439944,613.747433808775,7.54088650418489,107.800122005233,18.4054217919674,44.5821434337951
"295","gstk1",4984.12776295944,2401.18962102438,2844.556281537,3409.95788850694,184.75171935253,88.7601908664336,102.973882001431,125.495264073465
"296","aldh5a1",132.13839806394,96.4336673323691,44.2331885999252,90.9350846654114,12.8772799779125,24.2263109188384,9.46246483256391,15.5220185764383
"297","sult2st3",24.8173908908619,14.5215711853072,26.6924413965066,22.0104678242252,2.91905284032963,2.15809091518388,2.96861641805927,2.68192005785759
"298","slc39a3",18.9445731991312,18.2606583767336,25.5484796223706,20.9179037327451,3.67922285083214,4.73387684620979,5.30640184728094,4.57316718144096
"299","dnajc17",4.64142043378715,27.1301210168613,9.72367508015597,13.8317388436015,0.243254403360803,1.14866129356561,0.686492546676205,0.692802747867539
"300","ephx2",686.551332736516,502.255060876252,820.887903090422,669.898098901063,32.3376322467767,27.080560193759,44.8261079126949,34.7481001177435
"301","slc22a3",76.3466299924989,82.0860071792213,42.7079062344105,67.0468478020436,3.13190044327034,3.81146701955862,1.8182775560613,2.92054833963009
"302","dnajc5gb",37.8891463982625,66.0861922205595,43.0892268257892,49.0215218148704,2.75181543801908,5.18637978003867,4.23027839573445,4.05615787126407
"303","npas3",2.84168597986969,6.08688612557785,5.33848827930132,4.75568679491629,0.152034002100502,1.49674047343398,0.983354188482132,0.877376221338871
"304","bach2a",0.189445731991312,0,0.190660295689333,0.126702009226882,0.0456102006301505,0.0870197949670918,0.259753936580186,0.130794644059143
"305","slc22a15",400.677723161626,437.386245880808,310.013640790855,382.692536611096,22.2273711070934,25.4967999253579,20.3535763163188,22.69258244959
"306","dnajc27",2.08390305190444,1.91302135375304,1.90660295689333,1.9678424541836,0.440898606091455,0.435098974835459,0.333969347031667,0.403322309319527
"307","aldh6a1",29565.2798260282,15009.0438084499,11991.960617972,18855.42808415,1413.29288012605,765.217269022619,636.675452410648,938.395200519772
"308","gstz1",8358.91403265268,5415.41563041054,4400.34429436196,6058.22465247506,321.004592034999,226.703969848268,181.605109374776,243.104557086014
"309","slc39a9",141.705407529502,128.694163797932,163.205213110069,144.534928145834,9.97343053779292,8.04062905495928,11.1879731255609,9.73401090610437
"310","slc30a4",126.170857506214,158.867727877582,156.341442465253,147.126675949683,9.91261693695272,21.1284062180099,19.4444375382882,16.8284868977503
"311","cyp1a",4207.02137033107,2936.48777801092,2005.93697094747,3049.81537309649,358.070481747102,349.454092628847,238.268575254482,315.264383210144
"312","ugt5f1",17.6184530751921,15.9128594425821,15.443483950836,16.3249321562034,0.88179721218291,0.522118769802551,1.07612345154648,0.826679811177314
"313","dnaja2b",61.7593086291678,82.43382924354,78.7427021196944,74.3119466641341,5.29078327309746,12.6526781882151,12.1156657562044,10.0197090725057
"314","hsbp1b",109.499633090979,66.6948808331173,64.4431799429945,80.2125646223636,14.1847723959768,13.5576840558729,10.7055729576262,12.8160098031586
"315","bmal2",6.25170915571331,4.08690925574513,4.00386620947599,4.78082820697814,0.471305406511556,0.243655425907857,0.148430820902963,0.287797217774125
"316","nr1h4",135.264252641797,175.128409384483,162.919222666535,157.770628230938,6.71990289284218,10.8078585349128,10.8911114837549,9.47295763716996
"317","mt2",218.241483253992,914.598118126112,510.588271856033,547.809291078712,13.926314592406,79.4664767639482,50.1510636125887,47.8479516563143
"318","slco3a1a",7.00949208367856,7.39121886677311,3.62254561809732,6.00775218951633,1.73318762394572,7.62293403911724,1.26166197767519,3.53926121357938
"319","nat10",49.0664445857499,93.9119573660583,108.48570824723,83.8213700663461,1.85481482562612,5.88253813977541,5.43627881557103,4.39121059365752
"320","ugt5c3",156.103283160841,101.216220716752,52.9082320537898,103.409245310461,13.7894839905155,35.48667238758,6.41963300405316,18.5652631273829
"321","abcc5",96.143708985591,257.997016208421,235.75145561986,196.630726937957,6.52225869011153,13.0877771630506,11.4662809147539,10.358772255972
"322","dnajc8",45.182807079928,95.2162901072535,92.3749132614817,77.5913368162211,3.31434124579094,6.21321336065036,6.34541759360168,5.29099073334766
"323","cyp51",78.9988702403773,344.517754707706,16.9687663163506,146.828463754811,4.68264726469546,31.6403974500346,0.853477220192039,12.3921739783074
"324","hsf1",3.031131711861,5.56515302909975,7.62641182757331,5.40756552284469,0.973017613443211,3.41117596271,2.89440100760778,2.426198194587
"325","hsd17b8",359.946890783494,234.953804447305,291.3289318133,295.409875681366,17.1190286365165,10.7208387399457,12.4310812506232,13.4236495423618
"326","rxrba",23.8701622309054,19.4780356018491,31.8402693801186,25.062822404291,9.13724352624016,16.3423174948198,16.8468981724863,14.1088197311821
"327","hsbp1l1",10.2300695275309,4.86950890046228,6.19645960990332,7.0986793459655,1.30749241806432,0.417695015842041,0.538061725773242,0.754416386559868
"328","thrb",3.69419177383059,6.17384164165754,5.91046916636932,5.25950086061915,1.09464481512361,2.03626320222995,1.15033886199797,1.42708229311718
"329","slc39a7",88.2817111079516,88.4337598530382,114.586837709289,97.1007695567596,6.56786889074168,11.9043079514982,11.0952038624965,9.85579356824546
"330","nfe2l3",6.82004635168725,13.5650605084306,10.867636854292,10.4175812381366,0.88179721218291,4.00291056848622,2.96861641805927,2.61777473290947
"331","txnl4a",72.5577153526726,69.0426797672688,119.353345101522,86.9845800738211,2.73661203780903,2.68020968498643,3.41390888076816,2.94357686785454
"332","abcf1",202.517487498713,682.166023645118,1106.87834662442,663.853952589417,13.0445173802231,48.6266614276109,71.8034096118085,44.4915294732142
"333","slc30a8",19.3234646631139,7.39121886677311,5.62447872283532,10.7797207509074,1.14025501575376,0.765774195710408,0.259753936580186,0.721927716014785
"334","cyp46a1.1",9.85117806354824,1028.5098441905,7.81707212326264,348.726031459104,1.07944141491356,121.688481281981,0.333969347031667,41.0339640146421
"335","cyp46a1.5",23.680716498914,141.128802597326,53.2895526451685,72.6996905804695,1.33789921848442,28.4032610772588,2.41200083967315,10.7177203784721
"336","cyp46a1.2",691.47692176829,1034.5097748,142.232580584242,622.739759050844,39.2855861427697,61.7318425496549,9.01717236985502,36.6782003540932
"337","cyp46a1.4",1287.94680894294,737.469731871797,894.673437522194,973.36332611231,63.5046026773796,39.6636225460005,39.9278908228971,47.6987053487591
"338","cyp46a1.3",427.010679908418,304.779083859291,747.579019397874,493.122927721861,21.0415058907094,17.9608856812077,42.7295225674406,27.2439713797859
"339","slc30a1a",68.7688007128464,132.868028569757,98.7620331670744,100.132954149893,7.43446270271454,20.9891745460625,13.9896048701043,14.1377473729604
"340","fmo5",160.27108926465,367.560966468823,170.926955085487,232.919670272987,9.33488772897081,19.8405132524969,9.68511106391836,12.9535040151287
"341","prdx6",1566.14786637218,1499.20005272982,1124.51442397568,1396.62078102589,79.2097150943614,99.8117048272543,69.3914087721353,82.8042762312503
"342","hif1ab",97.1856605115433,254.170973500915,215.255473833257,188.870702615238,13.8807043917758,43.5621093605262,33.9906579867786,30.4778239130269
"343","esr2a",53.6131421535414,100.172754523796,56.7214379675765,70.1691115483046,4.34817246007435,8.11024489093296,4.78689397412057,5.74843710837596
"344","cyp2n13",3547.56077726932,5038.02869062471,1875.8113191395,3487.13359567784,143.580911583714,223.780104737373,78.0189502371201,148.459988852736
"345","cyp2ad6",37.0366406043016,13.2172384441119,30.6009774581379,26.9516188355171,2.35652703255778,0.696158359736734,1.33587738812667,1.46285426014039
"346","cyp2ad2",7455.06844532212,5239.93939896173,5564.42072969318,6086.47619132568,391.791623412993,302.358979592657,332.707685053992,342.286096019881
"347","cyp2v1",159.797474934672,199.997686983272,131.55560402564,163.783588647861,8.28585311447735,8.99784679959729,6.56806382495613,7.95058791301026
"348","cyp2ad3",1015.90273780341,588.775799375538,546.718397889162,717.13231168937,45.5493870293103,36.7571613940996,26.4206861207275,36.2424115147125
"349","cyp2p6",1389.30027555829,1136.07381758107,782.088532917643,1102.487542019,103.06385002393,160.360078165357,80.6350434555348,114.686323881607
"350","cyp2p7",359.283830721524,97.1293114610066,93.2328845920837,183.215342258205,14.1999757961869,4.14214224043357,3.91486290131566,7.41899364597871
"351","cyp2p8",37.4155320682842,64.0862153507268,13.8228714374766,38.4415396188292,1.68757742331557,3.2197324137824,0.964800335869262,1.95737005765574
"352","cyp2p9",1430.5047222664,1349.11483197629,969.507603580257,1249.70905260765,128.955240581646,192.435574590227,119.802226321304,147.064347164392
"353","cyp2p10",64.6009946090375,32.7822295620407,76.8360991628011,58.0731077779598,2.52376443486833,1.20087317054587,2.44910854489889,2.0579153834377
"354","cyp2j20",73.5049440126292,97.564089041405,38.8947003206239,69.987911124886,2.37173043276783,6.05657772970959,2.00381608219,3.47737474822247
"355","esr1",9.75645519755259,14.6085267013868,14.6808427680786,13.015274889006,1.14025501575376,1.67078006336816,1.70695444038408,1.505996506502
"356","sod2",1583.1979822514,1425.72264164249,1272.27615313492,1427.06559234294,77.1572560660047,77.8479085775603,69.6326088561027,74.8792578332226
"357","slc22a16",0.947228659956562,0.434777580398418,2.28792354827199,1.22330992954232,0.334474804621104,0.487310851815714,0.296861641805927,0.372882432747582
"358","rxrgb",121.434714206431,306.952971761283,228.60169453151,218.996460166408,8.3618701155276,21.0935983000231,11.7816964091727,13.7457216082411
"359","ephx1",1296.47186688255,1084.1613744815,1392.29680927135,1257.6433502118,101.938798408386,103.04884120003,129.116260332965,111.367966647127
"360","ncoa1",2.84168597986969,7.47817438285279,9.53301478446664,6.61762504906304,0.0304068004201004,0.417695015842041,0.315415494418797,0.254505770226979
"361","dnajc5ga",5.49392622774806,10.8694395099604,10.1049956715346,8.82278713641435,2.41734063339798,5.04714810809133,4.73123241628196,4.06524038592376
"362","cyp39a1",42.9094582960323,163.650281261965,2.09726325258266,69.5523342701933,2.05245902835677,13.9927830307084,0.296861641805927,5.44736790029037
"363","hsf2",125.791966042231,183.128316863814,145.283145315272,151.401142740439,11.3721433571175,17.0384758545566,12.0785580509786,13.4963924208842
"364","hsdl1",15.155658559305,7.65208541501216,5.14782798361199,9.31852398597638,0.760170010502509,0.661350441749898,0.556615578386112,0.659378676879506
"365","slc22a2",7658.62788434679,5744.89008083646,4185.85146171146,5863.12314229824,340.039249097982,299.52213427673,209.677088378049,283.079490584254
"366","mgst3a",1360.7886928936,2740.75091131555,1930.62615415018,2010.72191945311,55.9637161731947,128.30198569948,77.6664270374756,87.3107096367168
"367","hsp90ab1",9195.6958308583,25275.0120368173,29056.1524123151,21175.6200933302,588.097926925161,1780.92971983751,2018.47362575417,1462.50042417228
"368","hsp90aa1.2",11.1772981874874,13.9128825727494,8.38905301033064,11.1597445901891,0.653746209032158,0.992025662624847,0.760707957127687,0.802159942928231
"369","txnl1",270.528505283594,350.865507381523,461.49324571603,360.962419460382,18.7609958592019,28.1770096103443,38.8703212239635,28.6027755645032
"370","dnajc21",3.78891463982625,13.3911494762713,24.2138575525453,13.7979738895476,0.243254403360803,1.63597214538133,1.91104681912565,1.26342445595593
"371","slc31a2",22.6387649729618,20.7823683430444,22.5932450391859,22.004792785064,1.64196722268542,1.5141444324274,1.76261599822269,1.63957588444517
"372","gstt1b",2843.01209999363,1452.07016301464,1303.16312103659,1866.08179468162,121.718422081662,75.3417384825081,66.4970077645276,87.8523894428992
"373","rxraa",11.5561896514701,22.9562562450365,10.6769765586026,15.0631408183697,2.73661203780903,6.28282919662403,2.70886248147908,3.90943457197071
"374","esrra",31.8268829745405,59.8253950628223,81.6026065550344,57.7516281974657,6.38542808822107,16.9514560595895,26.1609321841473,16.4992721106526
"375","prdx5",604.521330784278,377.647806334066,387.707711284258,456.625616134201,32.2008016448863,19.8579172114904,21.1142842734465,24.3910010432744
"376","hif1al2",23.8701622309054,37.1300053660249,61.4879453598098,40.82937098558,1.15545841596381,3.09790470082847,2.87584715499491,2.37640342392906
"377","dnajc18",17.9973445391747,25.7388327595863,18.8753692732439,20.8705155240016,2.97986644116983,3.34156012673633,1.59563132470686,2.63901929753767
"378","aldh3a2b",32.0163287065318,70.6078790567031,46.7117724438865,49.7786600690405,30.4828174211506,144.557283399333,58.2962049096388,77.7787685767075
"379","slc47a1",85.2505793960906,219.301811552962,45.6631408175952,116.738510588883,4.91069826784621,14.4452859645372,2.17080075570584,7.17559499602975
"380","slc47a2.1",42.8147354300366,268.257767105824,92.8515640007051,134.641355512189,2.43254403360803,13.2618167529848,5.4548326681839,7.04973115159224
"381","slco2b1",38.2680378622451,232.779916545313,56.3401173761978,109.129357261252,3.10149364285024,26.0363226541539,3.87775519608992,11.005190497698
"382","hspa4a",31.0691000465752,60.3471281593004,115.158818596357,68.8583489340775,2.43254403360803,6.85715984340683,11.6332655882698,6.97432315509489
"383","pparda",138.674275817641,170.084989451861,201.813922987159,170.19106275222,28.3087311911134,57.7637398991555,78.4827965524419,54.8517558809036
"384","ahr2",33.1530030984797,51.3037544870133,59.7720026986058,48.0762534280329,9.36529452939091,26.123342449121,20.2979147584802,18.595517245664
"385","sult3st3",747.07924410774,1014.07522852127,433.942832988921,731.699101872644,34.8918034820652,52.1944730212617,21.0029611577693,36.0297458870321
"386","sult3st2",321.489407189257,514.428833127408,186.084448592789,340.667562969818,17.8183850461788,29.6215382067981,10.5385882841104,19.3261705123624
"387","slc30a7",917.864571497909,529.211270860954,972.653498459131,806.576446939331,52.8014089295043,41.6128659532633,75.0503338190608,56.4882029006095
"388","gpx4a",120737.459189837,55715.6165063482,63473.4816791185,79975.5191251012,15821.4184285887,6627.60162428365,7796.45874489644,10081.8262659229
"389","hsd11b1la",660.597267453706,662.948854591508,369.118332454548,564.221484833254,40.4106377583134,50.4018652449396,26.5320092364047,39.1148374132192
"390","dnaja3b",25.0068366228532,32.9561405942001,19.4473501603119,25.8034424591217,1.91562842646632,2.33213050511806,1.48430820902963,1.91068904687134
"391","hmox2a",681.152129374764,546.167596496493,695.052107935463,640.790611268907,33.1890226585395,27.707102717522,35.4007507853567,32.0989587204727
"392","dnajc19",173.721736236033,157.998172716785,169.211012424283,166.976973792367,9.86700673632257,9.67660120034061,11.596157883044,10.3799219399024
"393","cp",30952.5909214006,58428.1068749379,99440.5931594327,62940.4303185904,1489.84200018366,2983.07337938989,5428.78305911543,3300.56614622966
"394","ncoa6",7.19893781566987,90.2598256907116,46.6164422960419,48.0250686008078,0.699356409662308,5.70849854984122,3.24692420725232,3.21825972225195
"395","gss",19.8918018590878,22.6084341807177,43.4705474171679,28.6569278189911,0.942610813023111,1.11385337557878,2.15224690309297,1.40290369723162
"396","dnajc5ab",2.84168597986969,2.43475445023114,4.19452650516532,3.15698897842205,1.79400122478592,8.84121116865653,2.6346470710276,4.42328648815668
"397","hsd17b10",603.952993588304,429.560249433637,314.39882759171,449.304023537884,30.3763936196803,27.3938314556405,15.7707747209399,24.5136665987536
"398","hspb7",2.65224024787837,4.52168683614355,2.28792354827199,3.15395021076464,1.00342441386331,1.74039589934184,0.705046399289076,1.14962223749808
"399","sult1st5",167.280581348329,211.214948557551,99.2386839062977,159.244737937393,7.28242870061403,9.46775369241959,5.12086332115223,7.29034857139528
"400","hnf4a",680.394346446799,848.946703485951,399.147329025618,642.829459652789,73.4932366153826,104.528177714471,42.1729069890545,73.3981071063027
"401","hspg2",3.22057744385231,6.78253025421532,3.05056473102932,4.35122414303232,0.608136008402007,2.40174634109173,0.630830988837594,1.21357111277711
"402","dnajc22",542.383130691127,777.73013581669,992.100848619443,770.738038375753,27.867832585022,47.7042516009597,57.0530967845765,44.2083936568527
"403","dnajc11a",283.221369327012,198.084665629519,204.006516387586,228.437517114706,15.3706376123607,13.7665315637939,13.1546815025251,14.0972835595599
"404","aldh8a1",1104.27917177736,1081.81357554734,1444.15640969885,1210.08305234118,46.051099236242,45.7898161116837,59.1125744246051,50.3178299241769
"405","rarga",4.92558903177412,6.08688612557785,6.86377064481598,5.95874860072265,1.38350941911457,1.60116422739449,1.78116985083556,1.58861449911487
"406","nfe2",3.22057744385231,5.21733096478102,10.295655967224,6.24452145861911,0.182440802520602,0.400291056848622,0.296861641805927,0.29319783372505
"407","dnajc16",2.84168597986969,3.82604270750608,1.143961774136,2.60389682050392,0.0608136008402007,0.31327126188153,0,0.124694954240577
"408","cyp2aa12",644.399657368449,178.432718995511,374.647481029539,399.1599524645,49.3654404820329,21.4764853978783,43.2304765879881,38.0241341559664
"409","cyp2aa6",299.229533680278,168.954567742825,816.216725846034,428.133609089712,14.3976199989175,10.5816070679984,49.0749401610422,24.6847224093194
"410","cyp2aa7",25.9540652828098,40.1734484288138,10.2003258193793,25.442613177001,1.33789921848442,2.76722947995352,0.742154104514817,1.61576093431759
"411","cyp2aa1",42.3411211000583,92.0858915283849,45.6631408175952,60.0300511486795,3.04068004201004,7.65774195710408,3.67366281734834,4.79069493882082
"412","cyp2aa2",302.260665392139,198.780309758157,285.990443533999,262.343806228098,17.4687068413477,11.9913277464653,18.906375812515,16.1221368001093
"413","abce1",574.58890512965,491.472576882372,551.198914837861,539.086798949961,31.197377231023,33.1023300054817,37.0705975205151,33.7901015856733
"414","vdra",2.46279451588706,4.34777580398418,4.76650739223332,3.85902590403485,1.71798422373567,4.05512244546648,3.78498593302556,3.18603086740924
"415","abcg2a",2356.98907456991,3027.18238128203,2055.5086478267,2479.89336789288,91.0379604577805,131.156234974401,83.0284904425951,101.740895291592
"416","ncoa2",25.9540652828098,55.4776192588381,54.6241747149938,45.3519530855472,5.76208867960902,17.1254956495237,15.6965593104884,12.861381213207
"417","hnf4g",56.0759366694285,208.258461010842,69.1143571873831,111.149584955885,3.60320584978189,16.8644362646224,5.49194037340964,8.65319416260464
"418","abcd3a",4222.36647462237,2859.35823524824,2696.69922222992,3259.47464403351,218.837742623462,215.965727149328,189.304958209117,208.036142660636
"419","abcb8",109.120741626996,77.9121424073965,56.2447872283532,81.0925570875819,5.01712206931656,3.28934824975607,2.41200083967315,3.57282371958193
"420","abcd4",46.4142043378715,40.3473594609732,13.6322111417873,33.4645916468773,2.91905284032963,2.15809091518388,1.07612345154648,2.05108906902
"421","slc22a17",0,0,0.571980887067998,0.190660295689333,0.0912204012603011,0.0348079179868367,0.296861641805927,0.140963320351022
"422","pparab",13.8295384353658,14.4346156692275,18.5893788297099,15.6178443114344,17.2102490377768,39.6288146280136,39.5568137706397,32.1319591454767
"423","fth1b",19.8918018590878,41.5647366860888,13.3462206982533,24.9342530811433,1.48993322058492,2.95867302888112,0.89058492541778,1.77973039162794
"424","cat",11073.8608178202,17794.1420329661,17624.2564129305,15497.4197545723,695.084254203284,1326.44273468338,1409.57329070499,1143.70009319722
"425","dnajc24",12.3139725794353,9.91292883308393,6.48245005343731,9.56978382198551,0.516915607141706,1.14866129356561,0.612277136224724,0.759284678977347
"426","cyp2x7",888.689928771246,125.215943154744,771.983537246108,595.296469724033,39.1183487404591,6.1610014836701,41.4121990319268,28.897183085352
"427","cyp2x8",632.464576252996,1142.59548128704,512.685535108616,762.581864216217,23.4132363234773,52.5077442831432,23.3593004396038,33.0934270154081
"428","cyp2x9",1943.42904163288,3099.44241514424,1348.06362067143,2130.31169248285,72.7786768055102,112.377363220502,47.108231784078,77.4214239366967
"429","bmal1a",47.5508787298194,62.9557936416909,56.5307776718872,55.6791500144658,2.09806922898692,3.93329473251255,3.4510165859939,3.16079351583112
"430","dnajb9a",5.30448049575675,1.91302135375304,4.38518680085465,3.86756288345481,1.61156042226532,0.974621703631428,1.37298509335241,1.31972240641639
"431","cyp11a1.1",0.378891463982625,0,0.190660295689333,0.189850586557319,0,0,0.0371077052257408,0.0123692350752469
"432","ugt5a3",134.790638311819,319.648477108917,428.509014561775,294.316043327504,5.79249548002912,14.3234582515833,19.9824992640614,13.3661509985579
"433","ugt5a2",81.3669418902687,132.259339957199,213.158210580674,142.261497476047,6.65908929200198,15.4547155861555,16.8654520250992,12.9930856344189
"434","ugt5a1",128.917820620088,63.477526738169,212.681559841451,135.025635733236,5.99013968275977,2.62799780800617,8.46055679146891,5.69289809407828
"435","hsd17b12a",0,23.912766921913,0.381320591378666,8.09802917109722,0.243254403360803,4.78608872319005,0,1.67644770885028
"436","clpxb",149.851574005128,244.779777764309,363.779844175247,252.803731981561,16.5717062289547,46.3815507174599,63.6768221673713,42.210026371262
