"","Geneid","E4_cpm","E5_cpm","E6_cpm","CPM_mean_E46","L4_CPM","L5_CPM","L6_CPM","CPM_mean_UN46"
"1","txnl4b",105.172328112365,46.7297288541903,70.9754284979256,74.292495154827,4.60623894127145,2.26523385122466,3.12360404134088,3.33169227794566
"2","abcb6a",115.743773463865,82.1212219378665,85.3207990316738,94.3952648111351,6.11737661765695,5.75906911328304,5.52516895754769,5.80053822949589
"3","ugt5b6",817.705815650257,488.83993650588,877.458497647598,728.001416601245,22.1026643268915,17.6803421777789,24.2981862110336,21.3603975719013
"4","ugt5b4",64.964694083153,35.6344552787586,74.8008606402585,58.4666700007234,2.3122227096501,1.55494866058642,3.81425016103435,2.56047384375696
"5","ugt5b3",11.8364046243297,4.04936991804075,11.4762964269986,9.12069032312302,0.182064780287409,0.0383937940885536,0.690646119693462,0.303701564689808
"6","ugt5b2",224.53027092717,85.7656548641031,198.854160113052,169.716695301442,6.48150617823177,2.8987314536858,6.24720808268177,5.20914857153311
"7","ugt5b1",21.5043076380952,17.5742654442969,28.0759394731929,22.3848375185283,0.527987862833487,0.614300705416858,1.0516656822605,0.731318083503615
"8","cyp4v2a",2609.43027137894,2809.04791214487,3242.94178737442,2887.13999029941,97.1315602833328,129.13752641685,112.543924504594,112.937670401592
"9","clockb",79.6020799544615,107.470277624802,87.8483166971437,91.6402247588024,4.93395554578879,10.7118685507065,4.83452283785423,6.82678231144984
"10","dnajb14",36.3224019769506,30.9371861738314,47.6129679143928,38.2908520217249,1.6021700665292,2.82194386550869,2.07193835908039,2.16535076370609
"11","nr3c2",19.1550975599839,13.119958534452,28.2808733379607,20.1853098107989,0.291303648459855,0.307150352708429,0.816218141455909,0.471557380874731
"12","txna",2006.67717787586,1433.07201399462,1914.97034367887,1784.90651184978,81.728879871018,70.4910059465844,72.1254299998058,74.7817719391361
"13","dnaja1",37.7680697173268,25.9159674754608,33.2675973806446,32.3172115244774,1.49293119835676,1.30538899901082,2.19751038084283,1.66527685940347
"14","cyp2u1",1590.05380594621,1497.61897048819,1802.59827449785,1630.09035031075,45.5890209839673,54.9415193407202,51.563011436205,50.6978505869642
"15","prdx2",9116.10970811065,5576.87323852409,9667.75507042245,8120.24600568573,387.324613583435,262.959095712504,380.247778399412,343.51049589845
"16","abca1a",7187.13717128,4792.10534840779,3573.02193222714,5184.08815063831,328.299211814256,301.890402918297,166.649769381488,265.613128038014
"17","dnajb1b",59.814502758063,34.0147073115423,39.2106794589117,44.346629842839,2.91303648459855,2.07326488078189,2.00915234819916,2.33181790452653
"18","cyp3a65",1221.95065755294,2870.43636010237,3568.10351947271,2553.49684570934,39.7629480147702,110.746899048433,124.316301544823,91.6087162026754
"19","abcf3",336.117749637454,289.286986944831,220.372215913675,281.925650831987,10.960299773302,10.059174051201,6.46695912076605,9.16214431508968
"20","slc22a23",214.049179809443,265.962616216917,315.256595301181,265.089463775847,11.7795912845954,19.4272598088081,16.7167753971258,15.9745421635098
"21","cyp8b1.2",30.359022547899,14.90168129839,30.7400797151747,25.3335945204879,1.31086641806935,0.614300705416858,1.39698874210723,1.10738528853115
"22","cyp8b1.1",1584.36148921848,1257.24837215329,1330.02078234323,1390.543547905,55.165628427085,53.0602234303811,46.2732900194619,51.499713958976
"23","cyp8b1.3",15.3602197414965,11.9051475590398,15.1651059928195,14.1434910977853,0.364129560574819,0.115181382265661,0.282537048965507,0.253949330601996
"24","aldh9a1b",621.998545296836,472.561469435356,463.355468240067,519.305160990753,20.3366359581036,18.0834770157087,13.5303853449037,17.3168327729053
"25","prdx1",150.801216167987,60.0926495837248,100.485905024493,103.793256925402,4.36955472689782,1.61253935171925,3.29626557126425,3.09278654996044
"26","mtf2",23.9438719499799,5.9120800803395,14.618615686772,14.8248559056971,1.49293119835676,0.47992242610692,1.34989923394631,1.10758428613666
"27","abcd3b",136.254184530452,105.36460526742,129.928070262805,123.848953353559,3.95080573223678,3.16748801230567,2.91954950597691,3.34594775017312
"28","tfa",374326.748015595,390244.338980855,352071.188013227,372214.091669892,17112.7420676423,32986.7576732685,12868.3696461721,20989.2897956943
"29","dnajc1",605.373366282511,416.842139363115,442.24728016898,488.154261938202,23.1404335745297,20.4830891462433,15.6337167094247,19.7524131433992
"30","cyp7a1",442.735745490194,4439.16226635136,621.222855399553,1834.3736224137,11.4882876361355,147.259397226647,16.7795614080071,58.5090820902632
"31","dnajb6a",175.467921988155,140.432148757653,123.165252725467,146.355107823758,12.0708949330552,11.095806491592,9.70043868114908,10.9557133685988
"32","abcf2a",791.412733622166,650.490783634067,514.930490873305,652.278002709846,26.2901542735019,26.7796713767661,19.086947307892,24.05225765272
"33","keap1a",846.61917045778,943.179241310052,814.543801163874,868.114070977235,29.2578101921867,37.9714623535795,30.0901957148265,32.4398227535309
"34","cyp7b1",68.3078007327728,24.4581943049661,52.4630693805649,48.4096881394346,4.15107699055293,2.03487108669334,3.10790753862058,3.09795187195562
"35","slc39a6",123.785300269707,107.713239819884,81.0171878715494,104.17190932038,3.75053447392063,4.37689252609511,2.68410196517232,3.60384298839602
"36","slco5a1a",70.8377192784311,97.9137646182254,83.0665265192277,83.9393368052947,7.06411347515148,9.65603921327123,6.93785420237523,7.88600229693265
"37","per2",338.828376650659,370.922284492533,303.302119856391,337.684260333194,14.4923565108778,19.2736846324539,12.4630231599229,15.4096881010849
"38","hsd11b1lb",677.927816002638,716.495513298131,775.264810416706,723.229379905825,46.7724420558354,70.2798400790974,52.4420155885422,56.4980992411583
"39","gpx4b",1639.47757182032,901.389743755872,2678.14405607428,1739.67045721682,65.8892439860134,40.1983024107156,101.415104075897,69.167550157542
"40","txn2",240.432616071308,157.439502413424,175.833255970799,191.23512481851,11.4336682020493,11.2109878738577,9.48068764306479,10.7084479063239
"41","cyp2k22",5.24054555886352,7.77479024263825,11.3396738504867,8.11833655066282,0.145651824229927,0.42233173497409,0.470895081609178,0.346292880271065
"42","dnaja3a",1088.13603733437,1060.36800673815,996.456761789452,1048.32026862066,45.6982598521397,53.1754048126467,39.0215057626806,45.9650568091557
"43","hmox2b",16.9865959494197,22.352521947585,13.9355028042125,17.7582069004057,3.27716604517337,5.41352496648606,2.52713693796926,3.73927598320956
"44","abca3b",176.190755858343,217.046227606984,247.628419927796,213.621801131041,7.88340498644482,12.5163768728685,8.91561354513378,9.77179846814903
"45","cyp2k18",96.0465505012401,82.6071463280314,85.6623554729535,88.1053507674083,3.85977334209308,5.43272186353033,4.23805573448261,4.51018364670201
"46","cyp2k19",598.596798749497,322.005895882601,407.203589293681,442.602094641926,50.7778672221584,42.0795983210547,39.4767043415695,44.1113899615942
"47","cyp2k21",124.508134139895,58.3919142181477,88.6680521562151,90.5227001714193,7.57389485995623,3.53222905614693,4.42641376712628,5.17751256107648
"48","cyp2k16",14.0952604686674,12.7960089410088,22.6793477009733,16.5235390368832,0.327716604517337,0.556710014284027,0.612163606091932,0.498863408297765
"49","cyp2k6",7753.11609163726,4585.10155819755,6928.13085491782,6422.11616825088,245.259465525169,173.386374103908,203.316799736123,207.3208797884
"50","dnajc7",358.254536911963,465.839515371408,348.11432495229,390.73612574522,17.3143606053326,26.702883788589,14.5349615190033,19.517401970975
"51","nfe2l1a",144.386065570067,94.593281285432,100.759150177517,113.246165677672,9.50378153100276,8.65780056696884,5.8077060065132,7.98976270149493
"52","hmox1a",142.578980894597,223.201269882406,857.648224053375,407.809491610126,8.30215398110586,12.6507551521784,40.889389586397,20.6140995732271
"53","naa60",76.4396817723886,75.5612426706405,83.4080829605074,78.4696691345122,4.04183812238049,4.5496645994936,4.7403438215324,4.44394884780216
"54","sult3st1",551.251180252179,309.857786128478,592.327180467289,484.478715615982,27.054826350709,22.191612983184,29.9960166985047,26.4141520107992
"55","hsd17b14",71.7412616161662,81.2303605558975,60.2505562417424,71.0740594712687,4.58803246324271,6.89168603889537,4.26944873992322,5.24972241402043
"56","aldh16a1",547.727365135012,739.414947034241,469.161927741822,585.434746637025,17.077676390959,28.4498014196182,13.3420273122601,19.6231683742791
"57","fthl27",1200.53670414861,753.101817357219,1136.6998365789,1030.11278602824,111.714949184354,79.2255941017304,94.2888918408778,95.0764783756541
"58","fthl31",19.6068687288515,16.6834040623279,18.3757365408489,18.2220031106761,1.34727937412683,1.11342002856805,1.3185062285057,1.25973521040019
"59","hsd3b7",680.27702608075,432.391719848392,1679.91120079017,930.859982239771,22.7034781018399,16.989253884185,55.7068881543658,31.7998733801302
"60","rarab",75.084368265786,72.0787845411254,55.4004547755704,67.5212025274939,5.26167215030613,7.21803328864808,4.55198578888873,5.67723040928098
"61","aldh3b1",74.0001174605039,69.6491625903009,65.9887044552417,69.8793281686822,2.43966805585128,2.80274696846441,2.13472436996161,2.4590464647591
"62","clpp",475.805395051299,364.68625481875,387.734872140737,409.408840670262,17.077676390959,13.8985534600564,12.7141672034478,14.5634656848211
"63","thraa",188.930702820407,148.449901195374,168.455636839157,168.612080284979,10.2684536082099,13.2074651664624,9.33941911858204,10.9384459644181
"64","abcc1",334.401019195757,140.027211765849,252.888389123504,242.438873361703,10.6689961248422,5.45191876057461,8.83713103153225,8.31934863898302
"65","abcc6b.2",29.3651259763904,16.9263662574103,30.9450135799425,25.7455019379144,0.600813774948451,0.47992242610692,0.769128633294991,0.616621611450121
"66","cyp3c4",140.681541985354,24.7011565000486,34.4288892809957,66.6038625887994,4.16928346858167,0.53751311723975,1.33420273122601,2.01366643901581
"67","cyp3c3",53.2186436925968,22.6764715410282,43.3093567542684,39.7348239959645,2.03912553921898,1.09422313152378,4.83452283785423,2.65595716953233
"68","cyp3c2",128.75478312725,82.3641841329489,124.189922049306,111.769629769835,3.45923082546078,2.55318730688881,2.96663901413782,2.99301904882914
"69","cyp3c1",9300.7937619437,3066.1019145421,3366.2436626764,5244.37977972073,278.413462015506,113.06972359079,95.0894134796134,162.19086636197
"70","mafk",4.69842015622247,1.6197479672163,0.956358035583214,2.42484205300733,1.56575711047172,1.40137348423221,0.65925311425285,1.20879456965226
"71","slc16a5b",21.5043076380952,30.4512617836665,13.7988802277006,21.9181498831541,0.98314981355201,1.80450832216202,1.00457617409958,1.2640781032712
"72","dnajb1a",43.9121576139254,45.0289934886132,34.7021344340195,41.214428512186,2.38504862176506,2.11165867487045,1.89927682915702,2.13199470859751
"73","dnajc2",147.819526453461,134.925005669118,76.5086428466571,119.751058323079,5.88069240328332,5.77826601032732,2.62131595429109,4.76009145596724
"74","aldh1l2",34.1539003663864,40.8176487738508,14.2087479572363,29.7267656991578,1.49293119835676,1.45896417536504,0.612163606091932,1.18801965993791
"75","hspa14",716.780136525247,651.8675694062,670.95347324988,679.867059727109,29.4580814505028,29.8511749038504,25.396941401455,28.2353992519361
"76","hsp90b1",7164.91002977172,3798.38997052059,4195.06452308577,5052.78817445936,249.15565182332,156.454710910856,131.787836839689,179.132733191288
"77","mgst1.1",113.123500684433,71.9168097444038,48.0228356439285,77.6877153575884,12.58067631786,9.0993291989872,6.87506819149401,9.5183579027804
"78","mgst1.2",8523.92805995907,3337.08574945738,4552.12762679958,5471.04714540534,317.957932293932,155.648441234996,160.873456380416,211.493276636448
"79","abcc9",70.6570108108841,41.4655479607373,47.9545243556726,53.359027709098,1.56575711047172,0.883057264036733,1.24002371490417,1.22961269647087
"80","akr1b1.1",101.829221462745,129.984774369108,177.131170447662,136.315055426505,4.29672881478286,6.21979464234568,5.99606403915687,5.50419583209514
"81","akr1b1.2",110.774290606322,70.2160743788267,145.84460042644,108.94498847053,5.04319441396124,4.95279943742341,6.81228218061278,5.60275867733248
"82","dnajb9b",48.2491608350538,11.824160160679,10.3833158149035,23.4855456035454,2.73097170431114,0.595103808372581,0.674949616973156,1.33367504321896
"83","pparaa",109.057560164625,90.5439113673912,103.218356554731,100.939942695582,8.92117423408305,9.36808575760708,9.65334917298816,9.31420305489276
"84","slco1d1",7055.31034420445,6927.9050179792,7166.74218479583,7049.98584899316,253.852923154735,300.412241845888,237.221245611984,263.828803537536
"85","hspa5",4415.97282144648,1053.07914088568,1055.68264870736,2174.91153701317,149.984966000768,39.0848823821476,34.4381269683512,74.5026584504223
"86","hspb1",76.8010987074827,49.7262625935404,86.8919586615605,71.1397733208612,3.78694742997811,2.38041523349032,3.65728513383129,3.27488259909991
"87","prdx4",4046.5143595466,3061.40464543717,4407.92249729129,3838.61383409169,106.052734517416,92.4906499593256,104.114902543789,100.88609567351
"88","ugt2b1",181.250592949659,209.109462567624,166.064741750199,185.474932422494,5.62580171088095,8.25466572903902,4.33223475080444,6.07090073024147
"89","ugt2b5",56.7424588097637,82.3641841329489,50.0721742916068,63.0596057447731,2.13015792936269,2.57238420393309,1.8521873209961,2.18490981809729
"90","ugt2b6",203.477734457942,175.985616638051,221.601819102282,200.355056732758,5.48014988665102,5.49031255466316,5.28972141674311,5.4200612860191
"91","gstt2",227.511960641696,183.84139427905,223.99271419124,211.782023037329,12.5442633618025,11.6909102999646,12.2589686245589,12.164714095442
"92","hspb8",111.135707541416,121.319122744501,130.337937992341,120.930922759419,11.7795912845954,14.3784758861633,10.2341197736395,12.1307289814661
"93","slc39a14",55.6582080044816,55.0714308853542,59.4308207826711,56.720153224169,1.65678950061542,2.55318730688881,2.35447540804589,2.18815073851671
"94","npas2",27.9194582360143,31.990022352522,30.6034571386628,30.1709792423997,2.67635227022492,4.47287701131649,3.06081803045966,3.40334910400036
"95","abca2",15.3602197414965,8.74663902296803,21.5863670888782,15.2310752844476,0.801085033264601,0.499119323151197,1.36559573666662,0.888600031027473
"96","cyp1d1",363.766145172147,442.839094236937,358.634263343705,388.413167584263,13.3999678291533,20.9822084693945,13.8600119020302,16.0807294001927
"97","abcb9",33.3407122624248,9.88046260001944,43.2410454660124,28.8207401094855,0.837497989322083,0.42233173497409,1.28711322306509,0.848980982453754
"98","ar",734.579920578629,930.302244970683,532.554803243338,732.47898959755,56.9316567958729,98.4224911460071,43.5734915515693,66.3092131644831
"99","hsd20b2",300.427827296918,144.805468269137,254.117992312111,233.117095959389,15.0567573297687,9.73282680144834,12.8083462197697,12.5326434503289
"100","akr1a1a",675.307543223206,432.715669441835,659.887044552417,589.303419072486,23.0676076624148,16.0294090319711,19.1026438106123,19.3998868349994
"101","slc30a5",702.594521822806,334.234993035084,434.664727172571,490.49808067682,14.9111055055388,11.0190189034149,9.84170720563183,11.9239438715285
"102","slc31a1",646.755605350778,574.929540963426,485.966504652784,569.217216988996,122.493184177369,146.203567889212,92.5622765416442,120.419676202742
"103","aldh2.1",955.767084856179,950.711069357608,1031.29551879998,979.257891004589,32.8808993199061,37.3187678540741,35.5682751642133,35.2559807793978
"104","aldh2.2",1619.59964039015,1639.02296802618,1855.81276804923,1704.81179215519,57.1865474882753,63.1002005845378,60.7768585330246,60.3545355352792
"105","ugt2a5",135.260287958943,95.2411804723185,106.975477408808,112.492315280023,3.95080573223678,3.57062285023548,4.17526972360138,3.89889943535788
"106","ugt2a1",512.39885972957,501.473970650167,514.930490873305,509.601107084347,16.0581136213495,19.9263791319593,14.2053349618769,16.7299425717286
"107","ugt2a2",50.056245510524,37.4971654410574,40.8501503770544,42.8011871095453,1.5111376763855,1.42057038127648,1.27141672034478,1.40104159266892
"108","ugt2a3",349.219113534612,296.575852797305,282.740422091351,309.511796141089,8.77552240985313,8.96495091967727,5.76061649835228,7.83369660929423
"109","ugt2a4",9.75825724753898,8.66565162460721,11.4762964269986,9.96673509971493,0.273097170431114,0.42233173497409,0.266840546245201,0.320756483883468
"110","dnajc25",111.49712447651,56.5292040558489,61.2069142773257,76.4110809365615,8.99400014619802,6.9492767300282,5.21123890314158,7.05150525978927
"111","keap1b",217.482640692836,196.880365415141,222.011686831817,212.124897646598,8.39318637124957,8.8497695374116,8.31914644176215,8.52070078347444
"112","hmox1b",1513.61412417382,1945.64125822022,1656.95860793617,1705.4046634434,49.3031425018304,68.4561348598911,45.8965739541746,54.551950438632
"113","abcc4",594.350149762142,276.24801580874,279.803036696346,383.467067422409,25.3980368500936,13.3802372398609,11.5997155103061,16.7926632000869
"114","cyp27a2",553.690744564063,573.795717386375,494.30048182001,540.595647923483,27.0184133946515,36.4933012811702,23.0110729879685,28.8409292212634
"115","cyp20a1",662.838658962462,405.260941397519,632.972396979575,567.023999113185,19.043976018063,13.7641751807465,17.2347599868959,16.6809703952351
"116","nfe2l2b",22.5885584433773,17.4932780459361,21.7913009536461,20.6243791476532,0.98314981355201,1.15181382265661,0.643556611532544,0.926173415913721
"117","slc15a1b",5.9633794290516,0.64789918688652,284.721449450774,97.1109093555707,0.801085033264601,0.115181382265661,50.1503261913775,17.0221975356359
"118","aldh1l1",6431.05294306328,26700.249441187,12162.8248739708,15098.042419407,184.449828909174,995.723852789593,323.944423141674,501.37270161348
"119","slco2a1",877.158901473226,669.036897858693,1037.10197830174,861.09925921122,73.0808028073661,65.3462375387182,91.165287799537,76.5307760485404
"120","dnajc6",19.1550975599839,26.4018918656257,18.1708026760811,21.2425973672302,0.801085033264601,1.67013004285208,1.22432721218386,1.23184742943351
"121","akr1a1b",338.376605481791,226.683728011921,286.292609080661,283.784314191458,9.32171675071536,7.54438053840078,8.24066392816062,8.36892040575892
"122","hsd17b7",14.2759689362144,4.8592439016489,17.2144446404978,12.116552492787,0.436955472689782,0.345544146796982,0.816218141455909,0.532905920314224
"123","vdrb",31.0818564180871,19.5989504033172,33.4725312454125,28.0511126889389,2.07553849527647,1.30538899901082,2.19751038084283,1.85947929171004
"124","gpx1b",21.5043076380952,8.90861381968966,403.17322328658,144.528714914788,0.546194340862228,0.499119323151197,19.5107528813403,6.85202218178457
"125","ncoa5",190.557079028331,153.06618290194,254.391237465135,199.338166465135,7.77416611827238,6.56533878914267,8.63307649616827,7.65752713452777
"126","cyp24a1",2074.89462437486,5107.065340633,2121.54367936485,3101.16788145757,70.6411347515148,196.230681586597,63.6650150335609,110.178943790558
"127","arnt2",35.6899223405361,27.9406524344812,39.3473020354236,34.3259589368136,2.27580975359262,2.41880902757888,2.19751038084283,2.29737638733811
"128","fth1a",4319.20343707505,5645.63153973242,5414.62595231913,5126.48697637553,236.975518022092,378.006099698854,269.603130723975,294.861582814974
"129","clpxa",1811.33132445754,1501.26340341443,1375.58441160994,1562.7263798273,89.7215237256353,95.3317907218786,69.4727210400741,84.842011829196
"130","slc39a1",124.688842607442,136.544753636334,150.694701892612,137.309432712129,4.33314177084034,5.8742504955487,6.5925311425285,5.59997446963918
"131","dnajc3b",44.6349914841135,17.1693284524928,21.927923530158,27.9107478222548,3.2043401330584,1.5741455576307,1.5853467747509,2.12127748848
"132","ugt5g1",137.24808110196,92.3256341313292,161.214640284027,130.262785172439,5.40732397453606,4.97199633446769,6.38847660716452,5.58926563872276
"133","txnb",2515.91363942336,1237.08250996145,1540.89772918932,1764.63129285804,96.0755845576659,56.7652245599265,53.8390043306494,68.8932711494139
"134","cyp26b1",11.5653419230092,6.31701707214357,51.096843615446,22.9930675368663,0.655433209034673,0.729482087682518,3.45323059846731,1.61271529839483
"135","nat16l",15.7216366765906,6.96491625903009,30.8083910034307,17.8316479796838,0.764672077207119,0.345544146796982,1.28711322306509,0.79910981568973
"136","cyp2r1",105.714453515006,212.348958502057,35.1120021635551,117.725138060206,4.69727133141516,10.9998220063706,1.78940131011488,5.82883154930021
"137","aldh1a2",14.6373858713085,8.74663902296803,15.6432850106111,13.0091033016292,0.473368428747264,0.499119323151197,2.05624185636008,1.00957653608618
"138","slc39a13",74.9940140320125,43.0852959279536,63.256252925004,60.4451876283234,2.16657088542017,1.63173624876353,1.74231180195396,1.84687297871255
"139","nr1h3",343.436442573108,419.3527487123,383.089704539333,381.95963194158,34.0097009576881,50.0271136973853,37.3890694797688,40.4752947116141
"140","hsd11b2",353.917533690835,542.5345816191,319.491895173049,405.314670160995,14.0371945601593,26.2997489506592,15.7906817366278,18.7092084158154
"141","abcc12",520.350032301639,491.512520651787,583.856580723552,531.906377892326,17.9515873363386,17.0276476782735,16.3400593318385,17.1064314488169
"142","slc67a1",593.536961658181,417.733000745084,683.317816424206,564.86259294249,17.49642538562,16.3749531787681,21.9437108029877,18.6050297891253
"143","dnajb6b",38.4005493537413,14.4157569082251,30.5351458504069,27.7838173707911,2.4032550997938,1.0750262344795,2.73119147333324,2.06982426920218
"144","abcf2b",22.0464330407362,48.8354012115715,51.5750226332376,40.8189522951818,1.40189880821305,2.32282454235749,2.40156491620681,2.04209608892578
"145","dnaja2a",2119.25855315765,2844.35841783019,2717.83291455098,2560.48329517961,83.3128434595185,144.859785096113,103.957937516586,110.710188690739
"146","hsd17b12b",779.395620530289,445.349703586122,606.467617136269,610.404313750893,37.7784419096374,25.0711475398255,30.4355187746732,31.095036074712
"147","per1b",244.227493889795,273.25148206939,200.971810048987,239.483595336057,11.2151904657044,16.7013004285208,12.3845406463214,13.4336771801822
"148","cyp2x10.2",298.259325686353,205.70799183647,385.275665763523,296.414327762115,8.15650215687594,5.79746290737159,8.7115590097698,7.55517469133911
"149","cyp2x12",2546.27266197126,1481.66445301111,3832.39989373496,2620.11233623911,80.3451875408337,55.0375038259416,107.803580683061,81.0620906832788
"150","slc22a31",322.203197636333,227.736564190612,235.127454176959,261.689072001301,14.055401038188,11.7485009910974,9.55917015666632,11.7876907286506
"151","nqo1",246.938120903,181.978684116751,220.850394931466,216.589066650406,9.3399232287441,8.38904400834896,8.9627030532947,8.89722343012925
"152","cyp7a1b",222.452123550379,125.287505264181,305.556392368837,217.765340394466,8.83014184393935,4.76083046698065,12.8554357279306,8.81546934628353
"153","hspa12b",47.4359727310922,16.6024166639671,58.2695288823201,40.7693060924598,1.54755063244298,0.595103808372581,2.46435092708803,1.53566845596786
"154","bmal1b",82.7644781365343,111.519647542842,84.7059974373703,92.9967077055822,3.04048183079973,4.56886149653788,3.97121518823741,3.86018617185834
"155","hnf4b",2576.54133028538,2198.40292850432,2915.86733920496,2563.60386599822,101.865244570805,99.3055484100439,105.653159810379,102.274650930409
"156","sod3a",313.438836960303,272.036671093978,332.402728653423,305.959412235901,12.1255143671415,15.1271548708901,13.9855839237926,13.7460843872747
"157","hsd17b4",984.499731196155,2441.52709838349,1314.44580862087,1580.15754606684,33.7548102652857,102.242673657818,41.5643392033702,59.1872743754913
"158","abcd1",199.592502405681,135.005993067479,192.432899016994,175.677131496718,7.61030781601371,5.33673737830895,6.41986961260513,6.45563826897593
"159","nr1h5",962.001526986551,606.676601120866,670.475294232089,746.384474113169,32.9901381880786,24.0345150994346,21.1431891642521,26.0559474839218
"160","ugt5e1",43.3700322112843,24.1342447115229,42.3529987186852,36.6190918804975,1.89347371498906,0.998238646302394,2.00915234819916,1.6336215698302
"161","gclm",109.780394034813,95.7271048624834,76.0987751171214,93.8687580048059,5.17063976016242,4.99119323151197,3.87703617191557,4.67962305452999
"162","aldh9a1a.2",16.8962417156462,73.4555703132593,25.2751766546992,38.5423295612016,0.20027125831615,2.38041523349032,0.596467103371626,1.0590511983927
"163","aldh9a1a.1",2535.61086238598,9628.67277851566,3694.47940274621,5286.25434788262,86.9541390652667,457.75001002078,125.258091708041,223.320746931363
"164","ppardb",389.155684862503,397.081214163076,372.228209706638,386.155036244072,18.1882715507122,23.9193337171689,16.7010788944055,19.6028947207622
"165","gstm.1",480.865232142615,512.326282030516,681.541722929551,558.244412367561,22.0480448928053,27.73951622898,31.2988264242901,27.0287958486918
"166","gstm.2",40.9304678993996,11.5811979655966,40.098726206239,30.8701306904117,2.73097170431114,0.998238646302394,3.57880262022976,2.43600432361443
"167","gstm.3",94.8719454621845,58.7158638115909,93.5181536223871,82.3686542987208,4.06004460040923,2.3996121305346,2.96663901413782,3.14209858169388
"168","hsd17b3",5.9633794290516,3.07752113771097,4.44023373663635,4.49371143446631,0.291303648459855,0.115181382265661,0.313930054406119,0.240138361710545
"169","gstt1a",6826.26236158861,8434.67556448217,10423.9610314157,8561.63298582883,211.905197776516,315.980925348796,290.605051363744,272.830391496352
"170","slc15a4",61.0794620308921,48.9163886099323,54.717341893011,54.9043975112785,2.29401623162136,2.07326488078189,2.51144043524895,2.29290718255073
"171","gpx8",79.1503087855939,44.3810943017267,71.4536075157172,64.9950035343459,4.95216202381753,2.87953455664152,3.13930054406119,3.65699904150675
"172","sult1st1",113.03314645066,157.277527616703,269.146475728419,179.819049931927,4.58803246324271,7.16044259751525,10.3439952926816,7.36415678447985
"173","sult1st2",60.7180450957981,3.32048333279342,54.1708515869634,39.4031266718516,2.20298384147765,0.287953455664152,16.826650916168,6.43919607110327
"174","sult1st3",1246.43665490556,897.907285626356,1030.3391607644,1058.22770043211,69.9128756303652,53.4249644742223,57.9043985352086,60.4140795465987
"175","sult1st4",579.441701189513,299.167449544851,727.105352196266,535.238167643543,26.6906967901342,18.5058087506828,35.6624541805351,26.952986573784
"176","slc15a1a",3.9755862860344,1.45777317049467,58.1329063058082,21.1887552541124,0.163858302258668,0,2.33877890532559,0.834212402528086
"177","nfe2l2a",420.147187046817,671.790469402961,617.05586681594,569.664507755239,26.3811866636456,67.7650465662971,49.5538590880059,47.9000307726495
"178","dnajb2",81.7705815650257,75.2372930771972,68.9944011385033,75.3340919269087,8.04726328870349,10.6542778595736,5.91758152555534,8.20637422461081
"179","nr1i2",270.159158982792,187.647802002008,376.258575713739,278.02184556618,17.7331095999937,16.989253884185,29.5408181196158,21.4210605345982
"180","ugt1a6",29.0940632750699,20.3278369885646,54.5124080282432,34.6447694306259,0.910323901437046,0.42233173497409,1.09875519042142,0.810470275610852
"181","ugt1a5",82.5837696689873,91.1108231559169,133.138700810835,102.277764545246,2.33042918767884,2.99471593890718,3.29626557126425,2.87380356595009
"182","ugt1a4",120.261485152541,126.502316239593,109.776240227302,118.846680539812,3.78694742997811,3.68580423250115,2.52713693796926,3.33329620014951
"183","ugt1ab",893.061246617363,1163.70792704655,1782.78800090362,1279.85239152251,21.083101557282,38.7201413383063,41.2190161435234,33.6740863463706
"184","ugt1a2",55.025728368067,28.1836146295636,52.6680032453327,45.2924487476544,1.49293119835676,0.691088293593965,1.27141672034478,1.15181207076517
"185","ugt1a1",64.0611517454179,24.7011565000486,93.5181536223871,60.7601539559512,1.07418220369571,0.95984485221384,2.19751038084283,1.41051247891746
"186","abcb6b",13.3724265984793,5.83109268197868,16.8728881992181,12.025469159892,0.455161950718523,0.53751311723975,0.455198578888872,0.482624548949048
"187","dnajc15",93.0648607867143,44.7860312935307,55.878633793362,64.5765086245357,3.75053447392063,2.3996121305346,2.95094251141752,3.03369637195758
"188","cyp27a3",490.442780922607,527.308950727267,684.547419612813,567.433050420896,16.4586561379818,21.2509650280144,22.1791583437923,19.9629265032628
"189","slc39a10",32.3468156909162,14.5777317049467,30.6034571386628,25.8426681781752,1.21983402792564,0.998238646302394,2.66840546245201,1.62882604556001
"190","dnajc3a",1000.13101363897,397.810100748324,414.103029407531,604.014714598275,41.7656605979317,18.1986583979744,17.5800830467427,25.8481340142163
"191","hspd1",924.414165736771,1560.70815381127,743.021882359901,1076.04806730265,30.8599802587159,65.0774809800983,23.3250030423746,39.7541547603963
"192","hspe1",805.869411025927,862.43480514432,763.856825277964,810.720347149404,29.658352708819,35.7638191934877,27.139253203409,30.8538083685719
"193","dnajb11",532.186436925968,210.567235738119,145.093176255625,295.948949639904,22.5942392336675,9.13772299307576,5.79200950379289,12.5079905768454
"194","dnajc28",148.361651856102,128.688975995335,142.97552631969,140.008718057042,5.13422680410494,6.10461326008002,4.33223475080444,5.19035827166313
"195","slc15a2",69.1209888367344,68.4343516148887,43.3093567542684,60.2882324019638,2.09374497330521,3.41704767388127,1.80509781283518,2.43863015334055
"196","cyp27a1.1",683.800841197916,285.399591823512,765.42798490785,578.209472643093,24.8700489872601,12.8427241226212,27.70432730134,21.8057001370738
"197","cyp27a1.2",86.6497101887952,19.1940134115132,106.224053237993,70.6892589461005,2.8037976164261,0.825466572903902,3.02942502501905,2.21956307144968
"198","cyp27a1.4",80.415268058423,46.4867666591078,133.411945963858,86.7713268937963,1.87526723696032,1.76611452807347,3.06081803045966,2.23406659849782
"199","dnajc10",170.588793364385,95.4841426674009,140.174763501197,135.415899844328,6.09917013962821,3.89697009998819,4.7403438215324,4.91216135371627
"200","hsdl2",2803.78222822576,2217.11101752567,3083.09337285551,2701.32887286898,79.7261672878565,78.3617337347379,84.2902196080429,80.7927068768791
"201","aldh7a1",1901.95662093237,2754.13845605624,2153.03518325084,2269.71008674648,50.3227052714399,94.4871272519304,56.1306937278141,66.9801754170615
"202","per1a",73.1869293565423,69.8921247853834,69.9507591740865,71.0099377720041,3.56846969363322,3.7241980265897,3.04512152773935,3.44592974932076
"203","bach1b",249.377685214885,174.041919077392,143.726950490506,189.048851594261,10.3594859983536,9.80961438962544,6.16872556908024,8.77927531901976
"204","sod1",3949.20284977253,2990.4596844731,4658.28336874932,3865.98196766498,154.791476200355,139.446260129627,169.098423805856,154.445386711946
"205","ugt5d1",271.243409788074,181.897696718391,485.078457905457,312.739854803974,7.48286246981252,5.98943187781436,12.9967042524133,8.82299953334673
"206","hspa8",42236.3576401281,63792.8018400337,54292.2407461943,53440.4667421187,1595.87062513126,3208.03185886318,1902.588791231,2235.49709174181
"207","pparg",106.256578917647,110.142861770708,93.5181536223871,103.305864770247,3.65950208377693,4.91440564333486,2.91954950597691,3.83115241102957
"208","dnajc14",87.8243152278508,64.1420195017655,52.6680032453327,68.2114459916497,5.88069240328332,5.31754048126467,3.26487256582364,4.82103515012388
"209","dnajc16l",121.616798659143,85.4417052706599,105.267695202409,104.108733044071,6.59074504640422,5.2983435842204,6.37278010444422,6.08728957835628
"210","abcc10",87.5532525265303,50.9410735689527,75.8938412523536,71.4627224492789,2.84021057248358,1.80450832216202,1.89927682915702,2.18133190793421
"211","abcb11b",4436.12181557797,1825.37497165441,4199.77800197543,3487.0915964026,141.974115668122,75.251836413565,124.253515533942,113.82648920521
"212","ncoa3",179.895279443057,186.432991026596,251.180606917105,205.836292462253,8.68449001970942,10.5198995802637,11.5055364939843,10.2366420313191
"213","ugt1b7",42.6471983410963,34.0956947099031,70.7704946331578,49.1711292280524,1.25624698398312,0.883057264036733,1.53825726658998,1.22585383820328
"214","ugt1b5",68.8499261354139,42.2754219443455,77.3283783057284,62.8179087951626,2.51249396796625,2.57238420393309,4.19096622632169,3.09194813274034
"215","ugt1b4",20.3297025990395,14.90168129839,24.7286863486517,19.9866900820271,0.58260729691971,0.633497602461134,0.455198578888872,0.557101159423239
"216","ugt1b3",33.2503580286513,14.9826686967508,32.5844844980852,26.9391704078291,0.600813774948451,0.748678984726795,0.957486665938663,0.768993141871303
"217","ugt1b1",32.8889410935573,9.63750040493699,32.7211070745971,25.0825161910305,0.873910945379565,0.383937940885536,0.65925311425285,0.63903400017265
"218","gpx1a",7988.48887061726,4819.80303864719,7293.86949224014,6700.7204671682,362.909726546893,267.278397547466,300.195614525851,310.127912873403
"219","per3",153.602197414965,163.594544688846,180.956602589995,166.051114897935,5.75324705708213,6.75730775958543,7.48723179758594,6.66592887141783
"220","akr7a3",333.136059922928,437.979850335288,377.966357920137,383.027422726118,12.1619273231989,17.0276476782735,11.4270539803827,13.538876327285
"221","aldh4a1",256.154252747898,322.89675726457,269.078164440163,282.709724817544,10.5597572566697,13.3418434457724,9.35511562130235,11.0855721079148
"222","sult6b1",133.362849049699,155.171855259322,489.655314218605,259.396672842542,3.58667617166196,6.02782567190291,19.1183403133326,9.57761405229916
"223","sult2st1",17.7094298196078,19.7609252000389,28.9639862205202,22.144780413389,0.728259121149637,1.22860141083372,1.0673621849808,1.00807423898805
"224","sult2st2",576.460011474988,580.598658848683,883.469891014121,680.176187112597,17.9697938143673,21.0973898516602,25.1144043524895,21.393862672839
"225","abcc3",76.7107444737092,41.5465353590981,70.9754284979256,63.0775694435776,3.14972069897218,2.11165867487045,2.22890338628345,2.49676092004203
"226","slc39a11",22.8596211446978,11.4192231688749,16.4630204696825,16.9139549277517,3.53205673757574,2.68756558619875,3.61019562567037,3.27660598314829
"227","cyp26a1",37.2259443146857,14.5777317049467,13.6622576511888,21.8219778902737,1.27445346201187,0.53751311723975,0.313930054406119,0.708632211219246
"228","dnajc9",89.631399903321,30.6132365803881,79.3777169534067,66.5407844790386,3.75053447392063,2.28443074826894,2.48004742980834,2.83833755066597
"229","raraa",28.1905209373348,71.8358223460429,66.7401286260571,55.5888239698116,2.14836440739143,4.03134837929813,2.66840546245201,2.94937274971386
"230","sult1st6",221.729289680191,245.229842236548,354.194029607069,273.717720507936,6.99128756303652,9.61764541918268,12.2746651272793,9.6278660364995
"231","maff",36.7741731458182,30.1273121902232,28.6224297792405,31.8413050384273,4.49700007309901,4.70323977584782,2.51144043524895,3.90389342806526
"232","thrab",2.80098124697878,5.02121869837053,4.64516760140418,4.15578918225116,0.910323901437046,1.30538899901082,0.941790163218357,1.05250102122207
"233","slc16a5a",10.30038265018,8.5846642262464,12.2960318860699,10.3936929208321,1.36548585215557,1.13261692561233,1.63243628291182,1.37684635355991
"234","nfe2l1b",30.7204394829931,15.5495804852765,39.6205471884474,28.630189052239,2.0027125831615,1.42057038127648,2.26029639172406,1.89452645205401
"235","aldh18a1",518.633301859942,346.950014577732,374.20923706606,413.264184501245,29.2578101921867,19.6768194703837,18.6160522262829,22.5168939629511
"236","nat9",90.173525305962,76.2901292558878,112.440380469284,92.9680116770446,3.75053447392063,2.95632214481863,4.14387671816077,3.61691111230001
"237","abca5",154.867156687794,118.727525996955,172.759247999282,148.784643561344,7.31900416755385,5.68228152510593,7.22039125134074,6.74055898133351
"238","dnajb12b",14.2759689362144,13.119958534452,14.7552382632839,14.0503885779834,0.655433209034673,0.825466572903902,0.439502076168567,0.640133952702381
"239","slc30a6",286.33256682825,210.162298746315,239.362754048827,245.285873207797,8.92117423408305,6.60373258323122,5.91758152555534,7.14749611428987
"240","abcc2",8307.07789890265,5349.21766173183,7166.40062835455,6940.89872966301,233.82579732312,181.83300880339,188.075495594706,201.244767240405
"241","gsta.2",105.443390813685,74.5893938903107,125.282902661401,101.771895788466,4.44238063901279,3.57062285023548,3.7043746419922,3.90579271041349
"242","gsta.1",873.002606719644,651.300657617675,1053.42837619491,859.24388017741,52.0887336402278,40.9661782924867,53.0227861891935,48.692566040636
"243","gclc",264.557196488835,352.862094658071,216.136916041806,277.852069062904,11.9070366307966,17.7187359718675,10.8148903742908,13.4802209923183
"244","ncoa4",1283.03011958383,1397.51854611422,1380.22957921134,1353.59274830313,75.5932967753323,104.066378877025,83.11298190402,87.5908858521258
"245","abcg2c",138.603394608563,118.565551200233,169.821862604276,142.330269471024,3.95080573223678,3.01391283595146,4.30084174536383,3.75518677118402
"246","prdx3",787.979272738772,664.420616152127,819.32559134179,757.24182674423,27.2186846529677,26.7988682738104,27.0450741870871,27.0208757046217
"247","abcg8",893.784080487551,497.100651138683,954.103763070767,781.662831565667,25.7439599326397,17.3731918250705,27.4060937496542,23.5077485024548
"248","abcg5",499.207141598637,374.64770481713,679.833940723153,517.89626237964,13.5456196533833,11.3261692561233,17.4388145222599,14.1035344772555
"249","nat8",197.604709262664,113.220382908419,179.52206553662,163.449052569234,19.6812027490689,17.5843576925575,17.7841375821066,18.3498993412443
"250","slc39a8",27.4676870671468,10.0424373967411,8.74384489676081,15.4179897868829,1.34727937412683,0.42233173497409,0.50228808704979,0.757299732050237
"251","adh8b",611.336745711562,1242.18471605818,2351.20623048133,1401.57589741702,19.1532148862355,45.151101848139,64.387054158695,42.8971236310232
"252","adh8a",16348.8757674463,43639.8976319285,36491.6169411722,32160.1301135157,559.976644729985,2102.5785425685,1142.97223858452,1268.509141961
"253","nfkb2",348.586633898198,309.614823933396,222.011686831817,293.40438155447,13.0358382685785,14.0905224304992,8.25636043088093,11.7942403766529
"254","abcb10",96.4079674363342,77.6669150280216,88.2581844266794,87.4443556303451,3.71412151786315,2.68756558619875,2.85676349509568,3.08615019971919
"255","gsto1",0.722833870188072,1.13382357705141,35.5218698930908,12.4595091134434,0.109238868172446,0.0383937940885536,3.4218375930267,1.18982341842923
"256","gsto2",169.233479857782,79.2056755968771,181.024913878251,143.154689777637,4.87933611170257,2.30362764531322,7.3930527812641,4.85867217942663
"257","cyp17a1",33.9731918988394,10.8523113803492,17.2144446404978,20.6799826398955,0.98314981355201,0.345544146796982,0.376716065287343,0.568470008545445
"258","hif1an",356.718514937814,423.32113123198,341.624752567975,373.88813291259,19.0075630620055,25.5318730688881,16.9679194406507,20.5024518571814
"259","dnajb12a",199.773210873228,142.780783310117,168.865504568693,170.473166250679,10.1410082620087,6.33497602461134,7.15760524045951,7.87786317569318
"260","ephx5",784.545811855379,782.095305970391,842.346495484043,802.995871103271,21.993425458719,27.393972082183,22.7442324417233,24.0438766608751
"261","esr2b",1663.06002683521,1771.51835174447,2041.00467051109,1825.19434969692,66.5264707170194,81.5292217470436,76.237913712526,74.7645353921963
"262","mgst3b",1664.50569457558,752.615892967054,1934.57568340833,1450.56575698365,66.0713087663008,40.6590279397783,84.8395972032536,63.8566446364442
"263","dnajc12",61.6215874335332,33.285820726295,54.4440967399872,49.7838349666051,1.98450610513276,1.28619210196655,1.49116775842907,1.58728865517613
"264","gstp1.2",2696.17033580151,2201.88538663384,4393.71374933405,3097.2564905898,108.110066534664,107.176276198197,170.024517466354,128.436953399738
"265","abca1b",602.210968100438,380.640772295831,143.726950490506,375.526230295592,18.5159881552295,19.0433218679226,5.8077060065132,14.4556720098884
"266","dnajc4",112.400666814245,74.7513686870323,105.540940355433,97.5643252855701,6.19020252977192,4.33849873200656,6.95355070509553,5.82741732229134
"267","abcb7",589.109604203279,480.174284881272,555.439084809079,541.57432463121,19.0621824960918,18.1218708097973,16.8580439216086,18.0140324091659
"268","hspa9",1364.07786727867,1423.75846318313,918.513581889421,1235.44997078374,62.8305556771849,79.0912158224204,43.5734915515693,61.8317543503915
"269","hspa4b",660.670157351898,764.197090932651,685.367155071884,703.411467785478,25.1249396796625,36.1669540314175,25.7736574667424,29.0218503926075
"270","nr3c1",198.417897366626,267.33940198905,278.710056084251,248.155785146642,10.1410082620087,14.8200045181817,12.0863070946356,12.349106624942
"271","cyp4v2b",6819.93756522446,3246.13690109819,4692.64394674206,4919.5728043549,257.293947502167,179.203033908324,184.308334941832,206.935105450774
"272","gsr",94.2394658257699,67.3815154361981,163.19566764345,108.272216301806,3.22254661108714,2.86033765959724,6.52974513164727,4.20420980077722
"273","adh5",8593.22975726335,8279.74667141793,11039.7189837548,9304.23180414536,261.00806902003,309.588358633052,312.878388723859,294.49160545898
"274","slc30a9",245.763515863945,164.809355664259,213.199530646801,207.924134058335,11.105951597532,9.04173850785437,9.05688206961653,9.73485739166763
"275","mgst2",757.258833255779,811.81768116881,826.088408879129,798.388307767906,23.0311947063573,29.6208121393191,23.0895555015701,25.2471874490822
"276","gpx3",628.775112829849,546.098027146976,764.130070430988,646.334403469271,106.362244643905,119.327912027225,124.787196626432,116.825784432521
"277","nfkb1",57.9170638488193,41.1415983672941,28.1442507614489,42.4009709925208,5.60759523285221,6.20059774530141,3.57880262022976,5.12899853279446
"278","cyp2y3",4280.26076231867,1772.32822572808,3224.56605083357,3092.38501296011,155.064573370786,74.8487015756352,105.951393362065,111.954889436162
"279","dnajc30b",98.9378859819924,49.7262625935404,77.2600670174725,75.3080718643351,4.04183812238049,2.28443074826894,3.31196207398456,3.21274364821133
"280","bach1a",22.7692669109243,24.0532573131621,25.9582895372587,24.2602712537817,6.90025517289281,9.56005472804985,7.58141081390777,8.01390690495014
"281","aldh3a1",6.32479636414563,3.88739512131912,10.5199383914153,6.91070995896002,0.527987862833487,0.0767875881771072,1.16154120130264,0.588772217437745
"282","aldh3a2a",510.5917750541,174.446856069196,318.12566940793,334.388100177075,16.5314820500968,6.21979464234568,10.4067813035628,11.0526859986684
"283","hif1al",1688.26885805802,1464.00920016845,1336.64697730405,1496.30834517684,80.2905681067475,78.6688840874463,58.2968111032163,72.41875443247
"284","slc47a3",114.930585359904,58.229939421426,140.994498960268,104.718341247199,4.64265189732894,2.95632214481863,5.06997037865882,4.22298147360213
"285","slc47a4",47.4359727310922,31.4231105639962,58.406151458832,45.7550782513068,2.03912553921898,1.67013004285208,1.44407825026815,1.71777794411307
"286","hspa13",230.222587654901,92.4876089280508,131.294296027924,151.334830870292,7.86519850841608,3.1482911152614,3.65728513383129,4.89025825250292
"287","hsph1",20.5104110665866,7.93676503935988,23.3624605835328,17.2698788964931,1.16521459383942,0.42233173497409,0.941790163218357,0.843112164010622
"288","clpb",83.9390831755899,94.8362434805144,95.4308696935535,91.4020654498859,4.005425166323,5.25994979013184,3.6886781392719,4.31801769857558
"289","mtf1",17.8901382871548,12.1481097541223,15.7115962988671,15.2499481133814,0.837497989322083,1.15181382265661,0.784825136015297,0.924712315997997
"290","arnt",169.504542559103,94.593281285432,187.856042703846,150.65128884946,9.8314981355201,7.88992468519776,9.68474217842877,9.13538833304888
"291","cyp4t8",3150.47142321471,2665.45725485115,3085.00608892668,2966.97825566418,93.4720581995559,93.2393289440524,89.3444934839815,92.0186268758633
"292","rxrbb",182.154135287394,171.207360134763,180.000244554412,177.787246658856,7.70134020615741,8.21627193495047,7.94243037647481,7.9533475058609
"293","ahr1a",80.8670392272906,66.0047296640643,154.793379187969,100.555049359775,2.3122227096501,3.2250787034385,6.5925311425285,4.04327751853903
"294","abcb4",856.91955310796,708.072823868606,946.043031056566,837.011802677711,25.6347210644672,27.73951622898,28.1595258802289,27.177921057892
"295","gstk1",2214.9436867238,735.527551912922,1710.78790308186,1553.75304723953,63.2310981938172,23.439411291062,46.0064494732167,44.225652986032
"296","aldh5a1",80.1442053571025,70.944960964074,96.4555390173927,82.5149017795231,4.11466403449545,4.91440564333486,5.82340250923351,4.95082406235461
"297","sult2st3",56.2906876408961,94.9172308788752,45.017138960667,65.4083524934794,3.24075308911589,7.54438053840078,2.95094251141752,4.5786920463114
"298","slc39a3",45.8999507569426,30.6132365803881,41.3966406831019,39.3032760068109,3.36819843531707,2.150052468959,2.85676349509568,2.79167146645725
"299","dnajc17",21.8657245731892,14.2537821115035,18.0341800995692,18.0512289280873,0.946736857494528,0.767875881771072,0.627860108812238,0.780824282692613
"300","ephx2",697.896101666584,821.860118565551,700.463949776448,740.073390002861,23.7958667835644,32.596331181182,23.0424659934091,26.4782213193852
"301","slc22a3",135.350642192717,93.0545207165765,144.546685949577,124.317282952957,3.71412151786315,3.07150352708429,4.01830469639832,3.60130991378192
"302","dnajc5gb",95.2333623972785,73.6175451099809,93.9963326401787,87.6157467158127,6.09917013962821,5.10637461377763,5.43098994122586,5.54551156487723
"303","npas3",24.9377685214885,12.1481097541223,12.6375883273496,16.5744888676535,1.82064780287409,0.95984485221384,0.423805573448261,1.06809940951206
"304","bach2a",10.481091117727,15.0636560951116,8.40228845548109,11.3156785561066,0.98314981355201,1.24779830787799,0.690646119693462,0.973864747041154
"305","slc22a15",519.175427262583,493.618193009168,505.23028794096,506.007969404237,15.3844739342861,21.4813277925457,15.6651097148653,17.510303813899
"306","dnajc27",14.0049062348939,7.61281544591662,14.4136818220041,12.0104678342715,1.09238868172446,1.17101071970088,1.02027267681989,1.09455735941508
"307","aldh6a1",17903.601067987,14257.264569633,23386.0279779811,18515.6312052004,578.001057978438,587.655412319401,719.79452524507,628.48366518097
"308","gstz1",2717.31322650451,2885.2570540024,3492.20967822036,3031.59331957576,78.779430430362,96.9059362795093,90.2234976363186,88.6362881153966
"309","slc39a9",354.82107602857,292.688457675986,324.888486945269,324.132673549942,17.3689800394188,16.2405748994582,14.0483699346738,15.8859749578503
"310","slc30a4",216.940515290195,161.731834526548,194.208992511648,190.960447442797,10.7418220369571,10.6350809625293,9.92018971923336,10.4323642395733
"311","cyp1a",3875.02202384448,2993.78016780589,4309.82748735575,3726.20989300204,163.785476346553,165.880387359596,181.59283997122,170.419567892456
"312","ugt5f1",62.1637128361742,64.3039942984872,81.2904330245731,69.2527133864115,1.38369233018431,1.95808349851623,1.89927682915702,1.74701755261919
"313","dnaja2b",67.7656753301318,65.4378178755386,83.886261978299,72.3632517279898,3.27716604517337,5.22155599604329,3.79855365831404,4.09909189984357
"314","hsbp1b",77.5239325776708,43.9761573099226,75.0741057932822,65.5247318936252,8.41139284927831,3.95456079112102,6.76519267245186,6.3770487709504
"315","bmal2",20.7814737679071,9.71848780329781,16.9411994874741,15.813720352893,1.00135629158075,0.518316220195474,0.533681092490402,0.684451201422209
"316","nr1h4",428.821193489074,463.490880818945,505.298599229216,465.870224512412,15.1659961979412,19.7152132644723,16.5755068726431,17.1522387783522
"317","mt2",3464.45238557766,3109.9160970553,7664.0483632991,4746.13894864402,206.461460845922,248.58061982634,468.603392212014,307.881824294759
"318","slco3a1a",11.2039249879151,10.1234247951019,6.69450624908249,9.3406186773665,0.764672077207119,0.95984485221384,0.910397157777745,0.878304695732901
"319","nat10",646.845959584551,725.809064109625,305.488081080581,559.381034924919,18.4249557650858,25.4742823777553,8.28775343632154,17.3956638597209
"320","ugt5c3",451.951877335092,186.75694062004,332.744285094702,323.817701016611,18.0062067704248,10.7886561388836,21.1431891642521,16.6460173578535
"321","abcc5",1311.40134898871,611.940782014319,1485.63389699027,1136.32534266443,41.3651180812994,24.2264840698773,45.5826438997685,37.0580820169817
"322","dnajc8",103.545951904441,82.6071463280314,77.6016234587522,87.9182405637415,3.98721868829426,3.76259182067825,3.72007114471251,3.82329388456167
"323","cyp51",45.1771168867545,15.3876056885549,19.8102735942237,26.7916653898444,1.74782189075913,0.767875881771072,0.847611146896521,1.12110297314224
"324","hsf1",65.5971737195676,52.2368719427257,58.7477079001117,58.8605845208017,6.3176478759731,6.81489845071826,5.47807944938678,6.20354192535938
"325","hsd17b8",411.292472137013,176.87647802002,347.636145934498,311.93503203051,13.1632836147797,6.64212637731977,11.4270539803827,10.4108213241607
"326","rxrba",169.865959494197,150.393598756034,154.861690476225,158.373749575485,18.4067492870571,23.4586081881063,20.2798815146353,20.7150796632662
"327","hsbp1l1",6.9572760005602,3.40147073115423,4.91841275442795,5.09238649538079,0.764672077207119,0.191968970442768,0.266840546245201,0.407827197965029
"328","thrb",220.373976173589,56.6911788525705,231.438644611138,169.501266545766,19.7540286611839,6.21979464234568,19.8717724439073,15.2818652491456
"329","slc39a7",435.41705255454,138.812400790437,238.952886319291,271.060779888089,16.0399071433208,6.00862877485864,7.56571431118747,9.8714167431223
"330","nfe2l3",132.188244010644,87.142440636237,70.0190704623424,96.4499183697411,7.00949404106526,5.16396530491046,3.56310611750945,5.24552182116172
"331","txnl4a",140.771896219127,86.0896044575464,86.9602699498165,104.607256875497,3.82336038603559,2.53399040984454,3.04512152773935,3.13415744120649
"332","abcf1",965.796404805038,1324.06297580097,610.361360566858,966.740247057622,38.1971909042985,64.0216516426631,23.4662715668574,41.8950380379397
"333","slc30a8",52.3151013548617,20.8947487770903,44.6755825193873,39.2951442171131,2.49428748993751,0.90225416108101,1.94636633731794,1.78096932944549
"334","hsd3b2",18.7936806248899,11.5002105672357,10.3833158149035,13.559069002343,0.546194340862228,0.499119323151197,0.408109070727955,0.484474244913793
"335","cyp46a1.1",6.9572760005602,1.45777317049467,222.558177137865,76.9910754363066,0.364129560574819,0.095984485221384,17.5172970358614,5.99247036055253
"336","cyp46a1.5",15.1795112739495,6.80294146230846,14.2087479572363,12.0637335644981,0.436955472689782,0.172772073398491,0.722039125134074,0.443922223740782
"337","cyp46a1.2",2270.8729574296,1169.94395672033,1601.96802089014,1680.92831168002,76.321555896482,48.8369060806402,55.0790280455536,60.0791633408919
"338","cyp46a1.4",1591.58982792036,792.704655155658,1014.96912090681,1133.08786799428,52.8351992394062,27.950682096467,31.502880959654,37.4295874318424
"339","cyp46a1.3",184.503345365505,76.209141857527,212.106550034706,157.606345752579,6.53612561231799,3.26347249752706,7.31457026766257,5.70472279250254
"340","slc30a1a",282.085917840895,328.808837344909,362.323072909526,324.405942698443,14.8200731153951,22.0764316009183,16.2929698236776,17.7298248466637
"341","fmo5",313.258128492756,207.003790210243,227.818146333573,249.360021678857,8.75731593182439,6.00862877485864,7.1262122350189,7.29738564723398
"342","prdx6",674.584709353019,1243.31853963523,1054.93122453654,990.944824508263,23.6320084813057,55.1910790022958,35.5839716669336,38.1356863835117
"343","hif1ab",358.615953847057,491.431533253426,414.307963272299,421.451816790927,17.64207720985,32.7307094604919,21.9123177975471,24.0950348226297
"344","esr2a",136.97701840064,166.510091029836,93.9963326401787,132.494480690218,5.55297579876598,7.73634950884355,3.01372852229874,5.43435127663609
"345","cyp2n13",2891.42583498606,2609.49496258382,3376.14879947351,2959.02319901446,83.2582240254323,86.7507777430868,89.3131004785408,86.44070074902
"346","cyp2ad6",23.5824550148859,74.1034695001458,73.7078800281634,57.131268181065,1.09238868172446,4.56886149653788,2.08763486180069,2.58296168002101
"347","cyp2ad2",6840.89974745992,4147.68861965078,6208.26649927669,5732.28495546246,217.676651311627,160.562846878331,186.788382371641,188.342626853866
"348","cyp2v1",150.168736531572,88.4382390100101,133.480257252114,124.029077597899,4.97036850184627,2.95632214481863,3.92412568007649,3.9502721089138
"349","cyp2ad3",1051.45221842232,478.068612523891,1059.98625986748,863.16903027123,31.6064458578943,19.1777001472325,33.449247296972,28.0777977673663
"350","cyp2p6",1119.30824798623,546.583951537141,837.428082729615,834.440094084329,47.9376566496749,27.5475472585372,37.655910026014,37.713704644742
"351","cyp2p7",163.179746194957,117.755677216625,355.901811813467,212.27907840835,4.42417416098405,3.58981974727976,8.66446950160888,5.5594878032909
"352","cyp2p8",29.4554802101639,15.4685930869157,24.318818619116,23.0809639720652,0.928530379465787,0.499119323151197,0.612163606091932,0.679937769569639
"353","cyp2p9",1043.6817543178,557.355275519129,877.390186359342,826.142405398757,54.2188915695905,36.1285602373289,42.8043629182743,44.3839382417312
"354","cyp2p10",60.8987535633451,33.2048333279342,68.7211559854795,54.2749142922529,2.02091906119024,1.22860141083372,1.88358032643671,1.71103359948689
"355","cyp2j20",73.1869293565423,29.6413878000583,53.487738704404,52.1053519536682,1.76602836878787,1.17101071970088,1.33420273122601,1.42374727323825
"356","esr1",440.747952347177,970.067057565843,666.718173378012,692.511061097011,24.3602676024554,54.9607162377645,29.3838530924127,36.2349456442109
"357","sod2",815.98908520856,703.375554763679,818.98403490051,779.449558290916,27.4735753453701,28.6033765959724,24.6592057736006,26.9120525716477
"358","slc22a16",6.05373366282511,4.04936991804075,8.81215618501675,6.30508658862754,0.109238868172446,0.0767875881771072,0.439502076168567,0.208509510839373
"359","rxrgb",468.938473284512,1448.05468269137,743.909929107228,886.967695027703,17.2779476492751,60.3934381012948,25.8992294885048,34.5235384130249
"360","ephx1",1553.36998703417,936.781236839548,1289.78543356048,1259.9788858114,63.9957702710244,46.0149622151315,51.5159219280441,53.8422181380667
"361","ncoa1",45.448179588075,60.011662185364,85.5257328964417,63.6618582232936,1.94809314907528,2.11165867487045,3.1549970467815,2.40491629024241
"362","dnajc5ga",51.1404963158061,58.0679646247044,27.1878927258656,45.4654512221254,6.99128756303652,8.75378505219022,2.93524600869721,6.22677287464132
"363","cyp39a1",420.779666683232,318.199488159642,561.723723328626,433.567626057167,15.5847451926022,18.0450832216202,18.3492116800377,17.3263466980867
"364","hsf2",245.402098928851,317.551588972756,197.283000483166,253.412229461591,11.2698098997906,15.6262741940413,7.62850032206869,11.5081948053002
"365","hsdl1",18.7033263911164,7.12689105575173,11.4762964269986,12.4355046246222,0.619020252977192,0.345544146796982,0.50228808704979,0.488950828941321
"366","slc22a2",4728.50811606905,6464.98104894878,6014.39906320632,5735.96274274138,135.529022445947,252.266424058841,175.361328391258,187.718924965349
"367","mgst3a",1276.07284358327,828.177135637695,1600.12361610723,1234.79119844273,36.7406726619992,28.4498014196182,46.4459515493853,37.2121418770009
"368","hsp90ab1",57773.2199086519,87366.9377044932,77895.8401772705,74345.3325968052,2455.56231117038,5093.32072378752,3071.27190127138,3540.05164540976
"369","hsp90aa1.2",10.6617995852741,2.91554634098934,5.05503533093984,6.21079375240109,0.38233603860356,0.307150352708429,0.141268524482754,0.276918305264914
"370","txnl1",566.069274591034,492.80831902556,542.733185193474,533.870259603356,25.088526723605,28.7185579782381,24.2510967028727,26.0193938015719
"371","dnajc21",147.819526453461,121.643072337944,55.4687660638264,108.310454951744,6.7181903926054,7.41000225909084,3.07651453317997,5.73490239495874
"372","slc31a2",105.714453515006,77.9908646214649,98.2316325120472,93.978983549506,4.91574906776005,5.0487839226448,4.17526972360138,4.71326757133541
"373","gstt1b",475.805395051299,161.0029479413,402.080242674485,346.296195222361,15.9306682751483,6.54614189209839,13.4205098258616,11.9657733310361
"374","rxraa",23.0403296122448,31.1801483689138,22.2011686831817,25.4738822214468,1.69320245667291,3.2250787034385,1.56965027203059,2.162643810714
"375","esrra",257.23850355318,289.286986944831,208.007872739349,251.51112107912,20.5551136944485,25.7430389363752,18.2550326637158,21.5177284315132
"376","prdx5",175.287213520608,241.099484920146,267.848561251556,228.078419897437,6.51791913428925,9.06093540489865,9.4963841457851,8.358412894991
"377","hif1al2",342.532900235373,130.794648352716,250.08762630501,241.138391631033,11.5611135482505,5.16396530491046,7.97382338191542,8.23296741169213
"378","dnajc18",72.6448039539013,70.2970617771875,63.6661206545396,68.8693287952095,4.11466403449545,4.95279943742341,3.13930054406119,4.06892133866002
"379","aldh3a2b",86.9207728901157,92.7305711231332,124.804723643609,101.485355885619,11.7795912845954,20.6750581166861,20.625204574482,17.6932846585878
"380","slc47a1",240.432616071308,170.802423142959,724.714457107308,378.649832107192,7.81057907432986,6.52694499505411,25.4754239150566,13.2709826614802
"381","slc47a2.1",220.373976173589,305.970391007159,158.755433906813,228.36660036252,8.06546976673223,11.7676978881417,5.11705988681974,8.31674251389789
"382","slco2b1",144.566774037614,96.0510544559267,245.510769991862,162.042866161801,4.29672881478286,4.43448321722794,10.2184232709192,6.31654510097667
"383","hspa4a",489.448884351099,711.231332404678,219.689103031115,473.456439928964,19.1714213642642,34.8615650324067,9.37081212402265,21.1345995068978
"384","pparda",306.571915193516,309.209886941592,330.353390005744,315.378397380284,24.7608101190877,35.2455029732922,30.576787299156,30.1943667971786
"385","ahr2",234.740299343577,247.983413780816,309.860003528961,264.194572217785,18.133652116626,25.9542048038622,22.3204268682751,22.1360945962544
"386","sult3st3",464.330407362063,442.515144643493,838.179506900431,581.675019635329,16.8227856985566,19.9647729260479,26.5898756081983,21.1258114109343
"387","sult3st2",189.472828223048,149.826686967508,327.142759457715,222.147424882757,6.66357095851918,7.02606431820531,11.7566805375092,8.48210527141123
"388","slc30a7",2192.26477404665,1368.36308270433,1817.5584466259,1792.72876779229,79.5805154636266,65.3078437446297,68.389662352373,71.0926738535431
"389","gpx4a",77035.6582983587,21218.0504713467,60880.9328097683,53044.8805264912,6507.26834464244,1719.15891790316,3683.02739829259,3969.8182202794
"390","hsd11b1la",356.35709800272,294.308205643202,399.211168567736,349.958824071219,14.6926277691939,14.8008076211374,14.88028457885,14.7912399897271
"391","dnaja3b",91.9806099814322,51.9129223492825,65.5788367257061,69.8241230188069,2.94944944065603,1.95808349851623,2.66840546245201,2.52531280054142
"392","hmox2a",1154.09462798903,559.056010884706,1021.73193844415,911.627525772629,38.7797982012182,24.7639971871171,34.5009129792325,32.6815694558559
"393","dnajc19",123.33352910084,113.139395510059,111.142465992421,115.871796867773,5.53476932073724,5.68228152510593,4.94439835689637,5.38714973424651
"394","cp",76176.3895351726,63596.9743107972,41053.1715257511,60275.5117905736,2824.62582729098,2851.10395211895,1311.03469321083,2328.92149087359
"395","ncoa6",224.53027092717,262.966082477566,254.732793906414,247.409715770383,7.81057907432986,10.4623088891309,8.91561354513378,9.06283383619818
"396","gss",52.4054555886352,52.6418089345298,27.4611378788894,44.1694674673515,1.74782189075913,2.30362764531322,0.831914644176215,1.62778806008285
"397","dnajc5ab",8.67400644225687,11.6621853639574,7.1726852668741,9.16962569102946,2.14836440739143,3.64741043841259,2.04054535363977,2.61210673314793
"398","hsd17b10",279.736707762784,319.900223525219,279.803036696346,293.146655994783,8.5388381954795,12.8811179167097,9.16675758865867,10.195571233616
"399","hspb7",4.51771168867545,3.40147073115423,3.68880956582097,3.86933066188355,0.546194340862228,0.614300705416858,0.73773562785438,0.632743558044489
"400","sult1st5",48.8816404714684,23.0004211344715,49.3207501207914,40.4009372422438,1.54755063244298,1.03663244039095,1.14584469858233,1.24334259047209
"401","hnf4a",1206.0483124088,1947.3419935858,1592.06288409303,1581.81773002921,60.15420340696,124.607058714401,78.4511205960891,87.7374609058167
"402","hspg2",75.9879106035211,63.6560951116006,83.5447055370193,74.396237084047,2.94944944065603,3.87777320294391,3.32765857670486,3.38496040676827
"403","dnajc22",502.09847707939,438.384787327092,526.680032453327,489.054432286603,17.5874577757637,15.050367282713,15.7121992230263,16.116674760501
"404","dnajc11a",412.467077176069,325.407366613755,333.564020553774,357.146154781199,16.0581136213495,13.4186310339495,11.0032484069345,13.4933310207445
"405","aldh8a1",473.817601908281,660.938158022612,619.856629634434,584.870796521776,12.2165467572852,23.9769244083017,14.6919265462064,16.9617992372644
"406","rarga",25.6606023916766,15.7115552819981,33.3359086689006,24.9026887808584,2.20298384147765,1.53575176354214,2.27599289444436,2.00490949982138
"407","nfe2",20.420056832813,11.5002105672357,18.1708026760811,16.6970233587099,0.910323901437046,0.614300705416858,0.769128633294991,0.764584413382965
"408","dnajc16",12.6495927282913,14.5777317049467,10.6565609679272,12.6279618003884,0.728259121149637,0.499119323151197,0.376716065287343,0.534698169862726
"409","cyp2aa12",22.5885584433773,30.5322491820273,41.6698858361257,31.5968978205101,1.31086641806935,1.38217658718793,2.19751038084283,1.63018446203337
"410","cyp2aa6",356.537806470267,117.755677216625,143.31708276097,205.870188815954,11.7613848065666,5.43272186353033,4.89730884873546,7.36380517294413
"411","cyp2aa7",44.4542830165664,11.5811979655966,28.6224297792405,28.2193035871345,0.910323901437046,0.729482087682518,0.439502076168567,0.693102688429377
"412","cyp2aa1",108.967205930852,89.2481129936182,97.0020293234402,98.4057827493035,5.17063976016242,4.83761805515775,3.51601660934853,4.50809147488957
"413","cyp2aa2",307.927228700119,246.687615407043,291.962446005904,282.192430037689,9.08503253634172,11.3453661531676,8.80573802609164,9.74537890520032
"414","abce1",1987.52208031588,2125.51426997959,1906.97792295293,2006.67142441613,75.2109607367288,92.8361941061226,63.4609604981969,77.1693717803494
"415","vdra",39.575154392797,24.4581943049661,35.8634263343705,33.2989250107112,6.75460334866288,6.85329224480682,7.15760524045951,6.92183361130974
"416","abcg2a",2901.81657187002,3760.48786808773,3021.33996827214,3227.88146940996,82.0383899975066,123.685607656275,83.1914644176215,96.305154023801
"417","ncoa2",223.897791290755,201.334672324986,208.281117892373,211.171193836038,12.3439921034863,15.3383207383772,12.3060581327199,13.3294569915278
"418","hnf4g",77.1625156425767,132.657358515015,132.797144369555,114.205672842382,2.65814579219618,5.83585670146015,5.35250742762433,4.61550330709355
"419","abcd3a",4993.3363752592,4231.91551394603,6653.79272128195,5293.01487016239,174.891427944085,184.597361977766,215.764126393326,191.750972105059
"420","abcb8",164.986830870428,61.7933849493019,137.305689394447,121.361968404726,4.27852233675412,2.18844626304755,3.32765857670486,3.26487572550218
"421","abcd4",117.460503905562,42.032459749263,120.637735059997,93.3768995716073,5.27987862833487,1.78531142511774,4.58337879432934,3.88285628259398
"422","slc22a17",2.89133548075229,0.809873983608151,3.41556441279719,2.37225795905254,0.546194340862228,0.614300705416858,0.627860108812238,0.596118385030441
"423","pparab",61.8926501348537,40.1697495869643,67.9014205264082,56.6546067494087,13.6548585215557,17.8147204570889,15.3511796604592,15.6069195463679
"424","fth1b",29.997605612805,27.0497910525122,29.3738539500558,28.8070835384577,1.09238868172446,1.43976727832076,0.973183168658969,1.16844637623473
"425","cat",12861.2023437888,16648.4984936344,15058.3354492755,14856.0120955662,476.572768880323,782.465523524722,535.10947423795,598.049255547665
"426","dnajc24",33.7924834312924,27.5357154426771,23.7040170248125,28.3440719662607,1.89347371498906,1.63173624876353,0.894700655057439,1.47330353960334
"427","cyp2x7",155.680344791756,167.643914606887,147.552382632839,156.958880677161,4.27852233675412,5.16396530491046,3.9555186855171,4.46600210906056
"428","cyp2x8",2525.40083396958,2213.38559720108,3145.5982016097,2628.12821092679,71.1327096582908,80.9917086298038,86.7702670378513,79.6315617753153
"429","cyp2x9",3956.61189694196,4948.7349768376,7405.55844853861,5436.96844077272,103.412795203248,162.136992435962,181.765501501143,149.105096380118
"430","bmal1a",122.791403698199,84.3888690919693,164.835138561592,124.005137117253,4.18748994661041,3.34026008570416,4.4735032752872,4.00041776920059
"431","dnajb9a",5.69231672773107,2.26764715410282,3.14231925977342,3.70076104720244,0.837497989322083,0.230362764531322,0.282537048965507,0.450132600939637
"432","cyp11a1.1",179.262799806642,73.2126081181768,67.3549302203606,106.61011271506,6.00813774948451,2.91792835073007,2.73119147333324,3.88575252451594
"433","ugt5a3",230.132233421128,166.267128834753,246.740373180469,214.379911812117,6.48150617823177,5.97023498077008,6.56113813708789,6.33762643202991
"434","ugt5a2",95.4140708648256,64.384981696848,87.1652038145843,82.321418792086,3.18613365502966,2.84114076255297,4.34793125352475,3.45840189036913
"435","ugt5a1",128.574074659703,104.149794292008,96.6604728821605,109.794780611291,3.84156686406434,3.12909421821712,2.74688797605354,3.239183019445
"436","hsd17b12a",79.9634968895555,26.8068288574298,68.5162221207117,58.4288492892323,4.13287051252419,1.22860141083372,4.03400119911863,3.13182437415885
"437","clpxb",746.687387904279,610.07807185202,606.809173577549,654.524877777949,36.4129560574819,36.2437416195946,27.8769888312634,33.5112288361133
