"","Geneid","FC_E4","FC_E5","FC_E6","FC_UN4","FC_UN5","FC_UN6","mean_FC_e","sd_FC_e","mean_FC_un","sd_FC_un"
"1","ugt2a1",0.627948178496291,0.712953367875648,0.628743014429895,0.584493041749502,0.696644295302014,0.576066199872694,0.656548186933945,0.0488499362214532,0.619067845641403,0.0673151697053724
"2","slco1d1",8.64632931015391,9.84951065054691,8.75077154057886,9.23989396951623,10.5026845637584,9.61998726925528,9.0822038337599,0.666555967785079,9.78752193417664,0.647851000762803
"3","slc22a15",0.636252906654856,0.701784686240645,0.616898823921928,0.559973492379059,0.751006711409395,0.635264162953532,0.651645472272476,0.044487084784436,0.648748122247329,0.0962277795750827
"4","per1a",0.0896910641125014,0.0993667242371905,0.085411627325048,0.129887342611,0.130201342281879,0.123488224061108,0.0914898052249133,0.00714932057253925,0.127858969651329,0.00378843129925284
"5","rxrbb",0.223231092902225,0.243408175014393,0.219784802735841,0.280318091451292,0.287248322147651,0.322087842138766,0.22880802355082,0.0127609774722463,0.296551418579236,0.0223850110684574
"6","ppardb",0.476912855719189,0.564536557282671,0.454499958295104,0.662027833001988,0.836241610738256,0.677275620623807,0.498649790432321,0.058149669192781,0.72518168812135,0.0964824002893527
"7","pparda",0.375705901893478,0.439608520437536,0.403369755609308,0.901259111994699,1.23221476510067,1.23997453851051,0.406228059313441,0.0320470527388345,1.12448280520196,0.193356319854459
"8","slc39a14",0.0682095006090134,0.0782959124928036,0.0725665193093669,0.0603048376408215,0.0892617449664429,0.0954805856142585,0.0730239774703947,0.00505874264508326,0.0816823894071743,0.0187728070461786
"9","ephx5",0.961466061344259,1.1119170984456,1.02852614896989,0.800530152418818,0.95771812080537,0.922342457033737,1.03396976958658,0.0753730946378136,0.893530243419309,0.0824598210730267
"10","dnaja3a",1.33351788284797,1.50754173862982,1.21669864042039,1.66335321404904,1.85906040268456,1.58243157224698,1.35258608729939,0.146356155524004,1.70161506299353,0.142228176782256
"11","mgst2",0.928025689292437,1.15417386298215,1.0086746184002,0.838303512259774,1.03557046979866,0.936346276257165,1.03029139022493,0.114613318309393,0.936740086105199,0.0986340683983445
"12","ncoa4",1.5723618646883,1.98687392055267,1.68529485361581,2.75149105367793,3.63825503355707,3.37046467218333,1.74817687961893,0.21429109409847,3.25340358647277,0.454824210375364
"13","aldh2.1",1.171298859484,1.35164075993092,1.25923763449829,1.19681908548708,1.30469798657718,1.44239338001273,1.2607257513044,0.0901801593085903,1.314636817359,0.123088459251572
"14","hspa14",0.878418779758609,0.926770293609671,0.81925098006506,1.07223326706428,1.04362416107383,1.02991725015914,0.874813351144447,0.053850255643729,1.04859155943241,0.0215909149069411
"15","tfa",458.739895914074,554.816465169833,429.887730419552,622.880053015239,1153.24697986577,521.848504137493,481.148030501153,65.4094072999524,765.991845672835,339.155934175199
"16","fth1b",0.0367622633152475,0.0384571099597006,0.0358662106931353,0.0397614314115309,0.0503355704697987,0.0394653087205602,0.0370285279893611,0.00131581245239689,0.0431874368672966,0.00619223567554091
"17","ncoa2",0.274388218358985,0.286240644789867,0.254316456752023,0.449304174950296,0.536241610738257,0.49904519414386,0.271648439966959,0.0161374791927664,0.494863659944138,0.0436193002757272
"18","naa60",0.0936773336286125,0.107426597582038,0.101843356410043,0.147117296222664,0.159060402684564,0.192234245703374,0.100982429206898,0.00691494479747147,0.166137314870201,0.0233762015129415
"19","abce1",2.43572140405271,3.02187679907887,2.32846776211528,2.73757455268389,3.24563758389262,2.57352005092298,2.59535532174895,0.373250939576824,2.85224406249983,0.350424481011771
"20","dnajc19",0.151146052485882,0.160852043753599,0.135707732087748,0.201457919151756,0.198657718120805,0.200509229789943,0.149235276109076,0.0126805915500414,0.200208289020835,0.00142415078672075
"21","aldh3b1",0.0906876314915292,0.0990213010938399,0.0805738593710902,0.0888005301524185,0.0979865771812081,0.0865690642902612,0.0900942639854864,0.00923802415435692,0.0911187238746293,0.00605148054231421
"22","dnajb12b",0.0174952939873768,0.0186528497409326,0.0180165151388774,0.0238568588469184,0.0288590604026846,0.017823042647995,0.0180548862890622,0.000579731049299944,0.0235129872991993,0.005526039060797
"23","hspe1",0.987598272616543,1.22613701784686,0.93268829760614,1.07952286282306,1.2503355704698,1.10057288351369,1.04880786268985,0.156006404645566,1.14347710560218,0.0931387377956499
"24","keap1b",0.266526409035544,0.279907887161773,0.271081825006255,0.305500331345261,0.309395973154363,0.337364735837047,0.272505373734524,0.00680337103552348,0.31742034677889,0.0173818295197468
"25","cyp2x7",0.190787288229432,0.238341968911917,0.180165151388774,0.155732273028496,0.180536912751678,0.160407383831954,0.203098136176707,0.0309806916831432,0.165558856537376,0.0131803183279179
"26","rxrba",0.208171852508028,0.213816925734025,0.189089999165903,0.669980119284294,0.820134228187922,0.822406110757481,0.203692925802652,0.0129576545987468,0.770840152743232,0.0873547372762697
"27","bach1a",0.0279038866127782,0.0341968911917099,0.0316957210776546,0.251159708416169,0.334228187919464,0.307447485677913,0.0312654996273809,0.00316848457938812,0.297611794004515,0.042398687417984
"28","dnajc18",0.0890266858598162,0.0999424294761082,0.0777379264325632,0.149768058316766,0.173154362416107,0.127307447485678,0.0889023472561626,0.011102773703853,0.150076622739517,0.0229250149653549
"29","hsd11b1lb",0.830805004982837,1.01865284974093,0.946617732921845,1.70245195493704,2.45704697986578,2.12667091024825,0.932025195881871,0.0947703001895249,2.09538994835036,0.378268802367765
"30","npas2",0.0342154800132876,0.0454807138744963,0.0373675869547085,0.0974155069582505,0.156375838926175,0.124124761298536,0.0390212602808308,0.00581182846349385,0.125972035727654,0.0295235415144306
"31","txnl1",0.693721625512125,0.70063327576281,0.662690799899909,0.913187541418156,1.00402684563759,0.983450031826864,0.685681900391615,0.020208556446756,0.966888139627535,0.0476305259543092
"32","clpb",0.102867899457424,0.134830166954519,0.116523479856535,0.145791915175613,0.183892617449665,0.149586250795672,0.11807384875616,0.0160374364747815,0.159756927806983,0.02098804139493
"33","ugt1a4",0.147381242387333,0.179850316637881,0.134039536241555,0.137839628893307,0.128859060402685,0.102482495225971,0.15375703175559,0.0235615134845235,0.123060394840654,0.0183779791331275
"34","dnajc28",0.181818181818182,0.182959124928037,0.174576695304028,0.186878727634194,0.213422818791946,0.175684277530236,0.179784667350082,0.00454617063244893,0.191995274652126,0.0193825608261779
"35","cyp27a2",0.678551655409146,0.815774323546344,0.603553257152391,0.983432736911859,1.2758389261745,0.93316359007002,0.699293078702627,0.107620166490887,1.06414508438546,0.185047179847745
"36","hspa4b",0.809655630605691,1.08647092688543,0.836850446242389,0.914512922465208,1.26442953020134,1.04519414385742,0.910992334577838,0.152576019636344,1.07471219884132,0.176815991273176
"37","aldh2.2",1.98483002989702,2.33022452504318,2.26599382767538,2.08151093439364,2.20604026845638,2.46467218332273,2.19368279420519,0.183700853265472,2.25074112872425,0.195452707455642
"38","keap1a",1.03753737127671,1.34093264248705,0.994578363499875,1.0649436713055,1.32751677852349,1.22024188415022,1.12434945908788,0.188792414004855,1.20423411132641,0.132016460154073
"39","hsd17b10",0.342819178385561,0.454807138744962,0.341646509300192,0.310801855533466,0.450335570469798,0.37173774665818,0.379757608810238,0.0649974441479291,0.377625057553815,0.0699529107555205
"40","hspb8",0.136197541800465,0.172481289579735,0.15914588372675,0.428760768721007,0.502684563758389,0.415022278803312,0.155941571702317,0.0183528826043723,0.448822537094236,0.0471489656682107
"41","cyp2k18",0.11770568043406,0.117443868739206,0.10459587955626,0.140490390987409,0.18993288590604,0.171865054105666,0.113248476243175,0.0074945118860874,0.167429443666372,0.0250179146997028
"42","fthl31",0.024028346805448,0.0237190558434082,0.022437234131287,0.049039098740888,0.0389261744966442,0.0534691279439848,0.0233948789267144,0.000843639668612542,0.047144800393839,0.00745423694375244
"43","ncoa6",0.275163326320452,0.373862982153137,0.311035115522562,0.284294234592445,0.365771812080539,0.361553150859326,0.320020474665384,0.0499595638948813,0.337206399177437,0.0458718012119295
"44","nr1h4",0.52552319787399,0.65895221646517,0.616982233714238,0.552021206096752,0.689261744966445,0.672183322724381,0.600485882684466,0.0682269957459984,0.637822091262526,0.0747947996052686
"45","per3",0.188240504927472,0.23258491652274,0.220952539828176,0.209410205434062,0.236241610738255,0.303628262253342,0.213925987092796,0.0229920865177553,0.249760026141886,0.0485419532360324
"46","pparg",0.130218137526299,0.156591824985607,0.114188005671866,0.133200795228628,0.171812080536913,0.118395926161681,0.13366598939459,0.0214111357703732,0.141136267309074,0.0275780741697876
"47","sod2",1,1,1,1,1,1,1,0,1,0
"48","dnajb2",0.100210386446684,0.106966033390904,0.0842438902327134,0.292909211398277,0.37248322147651,0.239974538510503,0.097140103356767,0.0116680729392002,0.301788990461763,0.0666991425920053
"49","cyp4t8",3.86092348577123,3.7895221646517,3.76686963049462,3.40225314777998,3.25973154362416,3.6231699554424,3.80577176030585,0.0490873603108846,3.42838488228218,0.18312296540115
"50","abcc12",0.637692392869007,0.698791018998273,0.712903494870298,0.653412856196157,0.595302013422819,0.662635264162955,0.683128968912526,0.0399768973999795,0.637116711260644,0.0365049985430483
"51","dnajc22",0.615324991695272,0.623258491652274,0.643089498707149,0.640159045725644,0.526174496644295,0.637173774665821,0.627224327351565,0.0143007989986037,0.601169105678587,0.0649643863896197
"52","pparaa",0.133650758498505,0.128727691421992,0.126032196179831,0.324718356527501,0.32751677852349,0.39147040101846,0.129470215366776,0.00386317606475685,0.347901845356484,0.0377574108390652
"53","slc39a1",0.152806998117594,0.194127806563039,0.184002001835015,0.157720344599072,0.205369127516779,0.267345639719924,0.176978935505216,0.0215370587163349,0.210145037278592,0.0549684756758201
"54","ephx2",0.855276270623408,1.16845135290731,0.855284010342815,0.866136514247845,1.13959731543624,0.934436664544876,0.959670544624511,0.180809483836966,0.980056831409655,0.142323933915655
"55","slc39a9",0.434835566382461,0.416119746689695,0.39669697222454,0.632206759443337,0.56778523489933,0.569700827498409,0.415884095098898,0.0190703890846472,0.589897607280359,0.0366533169210368
"56","cyp2u1",1.94862141512568,2.12918825561312,2.20101759946618,1.65937707090788,1.92080536912752,2.09102482495226,2.09294242340166,0.130043372502938,1.89040242166256,0.21742401041239
"57","nr1h3",0.420883623076072,0.596200345423143,0.467762115272333,1.23790589794566,1.7489932885906,1.51623169955443,0.494948694590516,0.0907651962753228,1.5010436286969,0.255881981275245
"58","per2",0.415236407928247,0.527345998848589,0.370339477854701,0.527501656726309,0.673825503355705,0.505410566518141,0.437640628210513,0.0808654668167648,0.568912575533385,0.0915262032689812
"59","sod3a",0.384121359760824,0.386758779504894,0.405872049378598,0.441351888667993,0.528859060402684,0.567154678548696,0.392250729548105,0.011869888844047,0.512455209206458,0.0644856591498688
"60","cyp2aa1",0.133540028789724,0.126885434657455,0.118441905079656,0.188204108681245,0.169127516778524,0.142584341183959,0.126289122842279,0.00756670507729878,0.166638655547909,0.0229114953526728
"61","abcb7",0.721957701251246,0.682671272308577,0.678205021269497,0.693836978131213,0.633557046979867,0.683640992998092,0.69427799827644,0.0240751182170749,0.670345006036391,0.0322646087356887
"62","esr2b",2.03809101982062,2.51859527921704,2.49211777462674,2.42147117296222,2.8503355704698,3.09166136218969,2.34960135788814,0.270100504635839,2.78782270187391,0.339440151557316
"63","abcb10",0.118148599269184,0.11042026482441,0.107765451664025,0.135188866799205,0.0939597315436242,0.115849777211967,0.112111438585873,0.00539420893794671,0.114999458518265,0.0206277163033473
"64","prdx3",0.965673790277931,0.94461715601612,1.00041704896155,0.990722332670642,0.936912751677853,1.09675366008912,0.970235998418533,0.0281783129466432,1.0081295814792,0.0813298114700063
"65","slc15a4",0.0748532831358654,0.069545192861255,0.0668112436400034,0.0834990059642147,0.07248322147651,0.101845957988542,0.0704032398790412,0.00408910544334575,0.0859427284764224,0.0148331186422904
"66","cyp4v2a",3.19787398959141,3.9936672423719,3.95971307031446,3.53545394300861,4.51476510067114,4.56397199236158,3.71708476742592,0.44997010491217,4.20473034534711,0.580132318176495
"67","cyp2aa2",0.377366847525191,0.350719631548647,0.356493452331304,0.330682571239231,0.396644295302014,0.357097390197327,0.361526643801714,0.0140184982115953,0.361474752246191,0.0331980155161995
"68","ugt2a3",0.427970324438046,0.421646516983305,0.345233130369505,0.319416832339297,0.313422818791947,0.233609166136219,0.398283323930285,0.0460514919715785,0.288816272422488,0.0479045977749418
"69","hsf1",0.0803897685749087,0.0742659758203799,0.0717324213862708,0.229953611663353,0.238255033557047,0.222151495862509,0.0754627219271865,0.00445101853728691,0.230120047027636,0.00805305886714604
"70","gstt2",0.278817406710221,0.261370178468624,0.273500708983235,0.456593770709078,0.408724832214767,0.497135582431571,0.27122943138736,0.00894262096740872,0.454151395118472,0.0442559497397666
"71","ugt2b6",0.24936330417451,0.250201496833621,0.270581366252398,0.199469847581179,0.191946308724832,0.214513049013368,0.256715389086843,0.0120155996021932,0.201976401773127,0.0114902807733506
"72","hif1an",0.437160890266859,0.601842256764536,0.417132371340396,0.691848906560634,0.892617449664429,0.688096753660089,0.48537850612393,0.101356496104368,0.757521036628384,0.11701196637204
"73","ugt2b1",0.222123795814417,0.297294185377086,0.202769205104679,0.204771371769384,0.288590604026846,0.175684277530236,0.240729062098727,0.0499335550908136,0.223015417775488,0.0586224662714256
"74","hif1al",2.06898460857048,2.08140472078295,1.63207940612228,2.92246520874751,2.7503355704698,2.36409929980904,1.9274895784919,0.255908073830101,2.67896669300878,0.285942755754896
"75","thraa",0.23153582106079,0.211053540587219,0.205688547835515,0.37375745526839,0.461744966442952,0.378739656269892,0.216092636494508,0.0136405553027596,0.404747359327078,0.0494241944234451
"76","cyp1d1",0.445797807551766,0.629591249280369,0.43790140962549,0.487740225314776,0.733557046979865,0.562062380649271,0.504430155485875,0.108464569445179,0.594453217647971,0.126068839109785
"77","clpxb",0.915070313365076,0.867357512953368,0.74092918508633,1.32538104705103,1.26711409395973,1.13049013367282,0.841119003801591,0.0899868193761154,1.24099509156119,0.100036337118413
"78","cyp8b1.1",1.94164544347248,1.78744962579159,1.62398865626825,2.0079522862823,1.85503355704698,1.87651177593889,1.78436124184411,0.158850911866391,1.91316587308939,0.0827869347552796
"79","slc30a1a",0.345698150813863,0.467472654001151,0.44240553841021,0.539430086149767,0.771812080536913,0.66072565245067,0.418525447741741,0.0643035881920939,0.657322606379117,0.11622836732382
"80","aldh4a1",0.313918724393755,0.459067357512954,0.328551171907582,0.384360503644796,0.466442953020136,0.379376193507321,0.367179084604764,0.0799131913616191,0.410059883390751,0.0488927268876534
"81","cat",15.761488207286,23.6694300518135,18.3866043873551,17.3465871438038,27.3557046979866,21.7001909611713,19.2725075488182,4.02771701621712,22.1341609343206,5.0186508153645
"82","hmox1b",1.85494408149706,2.76614853195164,2.02318792226207,1.79456593770709,2.39328859060403,1.86123488224061,2.21476017857026,0.48486939960397,2.01636313685058,0.328124649038652
"83","cyp2n13",3.54346141069649,3.70995970063327,4.12236216531821,3.03048376408217,3.03288590604027,3.62189688096754,3.79192775888266,0.298027839060851,3.22842218369666,0.340761200279324
"84","abcd3b",0.166980400841546,0.149798503166378,0.158645424972892,0.143803843605036,0.110738255033557,0.118395926161681,0.158474776326939,0.00859221989070696,0.124312674933425,0.017308645929579
"85","nfe2l2b",0.0276824271952165,0.0248704663212436,0.0266077237467679,0.0357852882703777,0.040268456375839,0.026098026734564,0.026386872421076,0.00141893004416482,0.0340505904602602,0.0072427309368705
"86","gstz1",3.33008526187576,4.10201496833621,4.26407540245225,2.86746189529489,3.38791946308725,3.65881604073839,3.89872521088808,0.499078590791085,3.30473246637351,0.402182052302612
"87","dnajc11a",0.505481120584653,0.462636729994243,0.407290015847861,0.584493041749502,0.469127516778525,0.446212603437303,0.458469288808919,0.0492280299918935,0.499944387321777,0.0741122765640966
"88","hspg2",0.0931236850847082,0.0905008635578583,0.102010175994662,0.107355864811133,0.135570469798658,0.134945894334819,0.0952115748790761,0.00603204202878754,0.125957409648203,0.0161124370090826
"89","maff",0.0450669914738125,0.0428324697754749,0.0349487029777297,0.163684559310802,0.164429530201343,0.101845957988542,0.0409493880756724,0.00531549038552314,0.143320015833562,0.0359195190809395
"90","cyp8b1.3",0.0188240504927472,0.0169257340241796,0.018516973892735,0.0132538104705103,0.0040268456375839,0.011457670273711,0.0180889194698872,0.00101898198973207,0.0095794421272684,0.00489183255381681
"91","akr7a3",0.408260436275053,0.622682786413356,0.461506380849112,0.442677269715041,0.595302013422819,0.463399108847867,0.497483201179174,0.111646696146838,0.500459463995242,0.0827869587598397
"92","dnajb1a",0.0538146384675008,0.0640184225676454,0.0423721744932856,0.0868124585818421,0.0738255033557049,0.0770210057288353,0.0534017451761439,0.0108290292536643,0.0792196558887941,0.00676688986210345
"93","fth1a",5.29321226885173,8.02648244099021,6.6113937776295,8.62557985420808,13.2154362416107,10.93316359007,6.64369616249048,1.36692137357138,10.924726561963,2.29493982531737
"94","dnajc5gb",0.116709113055033,0.104663212435233,0.114771874218033,0.222001325381047,0.178523489932886,0.220241884150223,0.112048066569433,0.00646840602586537,0.206922233154719,0.0246097616972588
"95","dnaja2b",0.0830472815856495,0.0930339666090962,0.10242722495621,0.119284294234592,0.18255033557047,0.154042011457671,0.0928361577169852,0.00969148582673891,0.151958880420911,0.0316844216100827
"96","hnf4b",3.15756837559517,3.12550374208405,3.56034698473601,3.70775347912523,3.47181208053692,4.28453214513048,3.28113970080507,0.242331520299398,3.82136590159754,0.418102036294089
"97","slc31a1",0.792603255453439,0.817386298215313,0.593377262490616,4.45858184227965,5.11140939597316,3.75366008911522,0.734455605386456,0.122804209731635,4.44121710912268,0.679041195758042
"98","ugt2a4",0.0119588085483335,0.0123200921128382,0.0140128451080157,0.00994035785288269,0.014765100671141,0.0108211330362826,0.0127639152563958,0.00109658596753551,0.0118421971867688,0.00256933158917639
"99","clpp",0.58310264644004,0.518480138169257,0.473433981149387,0.621603711066931,0.485906040268457,0.515595162316996,0.525005588586228,0.0551247690608913,0.541034971217461,0.0713361925862457
"100","clpxa",2.21979847193002,2.13436960276339,1.67962298773876,3.26573889993373,3.33288590604027,2.81731381285806,2.01126368747739,0.290368194219199,3.13864620627735,0.280299947204236
"101","abcb4",1.05016055807773,1.00667818077144,1.15514221369589,0.933068257123921,0.969798657718123,1.14194780394653,1.07066031751502,0.0763254372459645,1.01493823959619,0.111516154252648
"102","abcg2a",3.55619532720629,5.34634427173288,3.68913170406206,2.98608349900596,4.32416107382549,3.37364735837047,4.19722376766708,0.997384815265007,3.56129731040064,0.688492757718936
"103","slc30a4",0.265862030782859,0.229936672423719,0.237134039536241,0.390987408880051,0.371812080536912,0.402291534054743,0.244310914247607,0.0190075903595148,0.388363674490568,0.0154081880276795
"104","hsd17b14",0.0879193887720076,0.115486470926885,0.0735674368170823,0.166998011928429,0.240939597315436,0.173138128580522,0.0923244321719918,0.0213038649238,0.193691912608129,0.0410327069637888
"105","hspb7",0.00553648543904329,0.00483592400690846,0.00450412878471933,0.0198807157057654,0.0214765100671141,0.0299172501591344,0.00495884607689036,0.000527041214610601,0.0237581586440046,0.00539327786505902
"106","hsd11b1la",0.436717971431736,0.418422567645366,0.487446826257403,0.534791252485088,0.51744966442953,0.603437301082113,0.447529121778168,0.0357595833042731,0.551892739332244,0.0454732234788971
"107","nqo1",0.302624294098106,0.258721934369602,0.269663858536992,0.339960238568588,0.293288590604027,0.363462762571611,0.2770033623349,0.0228529108525015,0.332237197248075,0.0357188693586845
"108","dnaja2a",2.5971653194552,4.04386873920553,3.31854199683043,3.03247183565275,5.06442953020136,4.21578612348822,3.31985868516372,0.723352608642872,4.10422916311411,1.02056197002669
"109","ugt5f1",0.0761820396412357,0.0914219919401267,0.0992576528484444,0.0503644797879389,0.0684563758389261,0.0770210057288353,0.0889538948099356,0.0117341215608677,0.0652806204519001,0.0136090653800358
"110","ahr2",0.28767578341269,0.352561888313184,0.378346817916423,0.660039761431412,0.90738255033557,0.905155951623173,0.339528163214099,0.0467195635356664,0.824192754463385,0.142165021283271
"111","per1b",0.299302402834681,0.388485895221646,0.245391608974894,0.408217362491715,0.583892617449664,0.502227880331001,0.311059969010407,0.0722680701340454,0.498112620090793,0.0879098989094435
"112","ugt2a2",0.0613442586645997,0.0533103051237766,0.0498790558011511,0.0550033134526177,0.0496644295302013,0.0515595162316996,0.0548445398631758,0.00588456679388484,0.0520757530715062,0.00270662072340015
"113","ugt5a1",0.157568375595172,0.148071387449626,0.118024856118108,0.139827700463883,0.109395973154363,0.111394016549968,0.141221539720969,0.0206424996932921,0.120205896722738,0.0170223215483287
"114","slc31a2",0.129553759273614,0.110880829015544,0.11994328134123,0.178926441351888,0.176510067114094,0.169318905155952,0.120125956543462,0.0093378053512491,0.174918471207311,0.00499760653582527
"115","dnajc16",0.0155021592293213,0.0207253886010362,0.0130119276003002,0.0265076209410205,0.0174496644295302,0.0152768936982814,0.0164131584768859,0.00393659876978418,0.0197447263562774,0.00595674328269264
"116","clockb",0.0975528734359429,0.152792170408751,0.107264992910168,0.179589131875414,0.374496644295304,0.196053469127944,0.119203345584954,0.0294913238250373,0.250046415099554,0.108090995279197
"117","dnajc8",0.126896246262872,0.117443868739206,0.0947535240637252,0.145129224652087,0.131543624161074,0.150859325270529,0.113031213021934,0.0165194520324451,0.142510724694563,0.00992050824595759
"118","aldh5a1",0.0982172516886281,0.100863557858376,0.11777462674118,0.149768058316766,0.171812080536913,0.236155315085933,0.105618478762728,0.0106103574087549,0.185911817979871,0.0448864286839103
"119","slc30a6",0.350902447126564,0.298791018998273,0.292267912252898,0.324718356527501,0.230872483221477,0.239974538510503,0.313987126125912,0.0321355476667005,0.265188459419827,0.0517548871108692
"120","rarab",0.0920163879968996,0.102475532527346,0.0676453415630995,0.191517561298873,0.252348993288591,0.184595798854233,0.0873790873624483,0.017872156236229,0.209487451147233,0.0372801762990277
"121","slc22a2",5.79481784962906,9.19136442141623,7.34373175410794,4.9330682571239,8.81946308724832,7.11139401654998,7.44330467505107,1.70046118112665,6.95464178697407,1.94793342802371
"122","hif1ab",0.439486214151256,0.698675877950489,0.505880390357828,0.642147117296223,1.14429530201342,0.888605983450033,0.548014160819858,0.134633804874928,0.891682800919893,0.251088231420753
"123","slco5a1a",0.0868120916841989,0.139205526770294,0.101426307448495,0.257123923127899,0.33758389261745,0.281349458943349,0.109147975300996,0.0270367550909584,0.292019091562899,0.0412775055901154
"124","adh5",10.531059683313,11.7714450201497,13.4797731253649,9.50033134526175,10.8234899328859,12.6880967536601,11.9274259429425,1.48053209253998,11.0039726772693,1.60152820471899
"125","esrra",0.315247480899125,0.411283822682786,0.253982817582784,0.748177601060304,0.900000000000001,0.740292807129218,0.326838040388232,0.0792884440086987,0.796156802729841,0.0900172189544925
"126","hsdl2",3.43605359317905,3.15210132412204,3.76453415630995,2.90192180251822,2.73959731543624,3.41820496499046,3.45089635787035,0.306486091418821,3.01990802764831,0.35435525606192
"127","sult1st3",1.52751633263205,1.27656879677605,1.25806989740596,2.54473161033797,1.86778523489933,2.34818586887333,1.35405167560468,0.150509277945554,2.25356757137021,0.348250722140917
"128","dnajc7",0.439043295316133,0.662291306850892,0.42505630160981,0.630218687872762,0.933557046979866,0.589433481858689,0.508796967925611,0.133113834967733,0.717736405570439,0.188015345653446
"129","dnajb12a",0.244823386114494,0.202993667242372,0.206189006589374,0.369118621603711,0.221476510067114,0.290260980267346,0.21800201998208,0.0232828651435425,0.29361870397939,0.073878305382169
"130","abca3b",0.215922932122689,0.308578008059873,0.302360497122362,0.286944996686547,0.437583892617451,0.361553150859326,0.275620479101641,0.0517929743984903,0.362027346721108,0.0753205674972444
"131","aldh8a1",0.58066659284686,0.939666090961428,0.756860455417466,0.44466534128562,0.838255033557047,0.595798854232975,0.759064379741918,0.179509896310618,0.626239743025214,0.198552756839146
"132","arnt2",0.0437382349684421,0.0397236614853195,0.0480440403703395,0.0828363154406892,0.084563758389262,0.0891152132399746,0.0438353122747003,0.00416103883665055,0.0855050956899753,0.00324356691448677
"133","gpx3",0.770568043406045,0.776396085204375,0.933021936775378,3.87143803843606,4.17181208053693,5.06047103755569,0.826662021795266,0.0921564710355885,4.36790705217623,0.618295881173018
"134","aldh9a1b",0.762263315247481,0.671848013816926,0.565768621236134,0.740225314777997,0.63221476510067,0.548695098663272,0.66662665010018,0.0983513506412096,0.640378392847313,0.0960257232970815
"135","txna",2.45919610231425,2.03742084052964,2.3382267078155,2.97481776010603,2.46442953020134,2.92488860598345,2.27828121688646,0.217183538223802,2.78804529876361,0.281369160276064
"136","bmal1b",0.101428413243273,0.158549222797927,0.103428142463925,0.11066931742876,0.159731543624161,0.161043921069383,0.121135259501708,0.0324168662332908,0.143814927374102,0.0287124394231177
"137","dnajc16l",0.149042188019045,0.121473805411629,0.12853448994912,0.239893969516236,0.185234899328859,0.258434118395927,0.133016827793265,0.0143203507048191,0.227854329080341,0.0380558290459735
"138","nr3c1",0.243162440482782,0.380080598733448,0.340311952623238,0.369118621603711,0.518120805369128,0.490133672819862,0.321184997279823,0.070434549975281,0.459124366597567,0.0791934056346036
"139","slc16a5a",0.0126231868010187,0.0122049510650547,0.0150137626157311,0.0497017892644135,0.0395973154362416,0.0661998726925527,0.0132806334939348,0.00151543152181915,0.0518329924644026,0.0134287204697082
"140","dnajc24",0.0414129110840439,0.0391479562464018,0.0289431979314372,0.0689198144466534,0.057046979865772,0.0362826225334183,0.0365013550872943,0.00664280135173521,0.0540831389486146,0.0165192263357579
"141","cyp1a",4.74886502048499,4.25630397236615,5.26240720660606,5.9615639496355,5.79932885906042,7.36409929980907,4.7558587331524,0.50308807727838,6.37499736950166,0.860419681060853
"142","gclm",0.134536596168751,0.136096718480138,0.0929185086329136,0.188204108681245,0.174496644295302,0.157224697644813,0.121183941093934,0.02449100854524,0.173308483540453,0.0155238452557859
"143","cyp2x8",3.09489536042521,3.14680483592401,3.84085411627325,2.58913187541418,2.83154362416108,3.51877784850414,3.36085143754082,0.416503994103743,2.97981778269313,0.482233686491197
"144","abcg2c",0.169859373269848,0.168566493955095,0.207356743681708,0.143803843605036,0.105369127516779,0.174411203055379,0.181927536968884,0.0220318247034441,0.141194724725731,0.0345949082187568
"145","prdx4",4.95903000775108,4.3524467472654,5.38218366836267,3.86017229953611,3.23355704697987,4.2221514958625,4.89788680779305,0.517584195898169,3.77196028079283,0.500165738809111
"146","cyp27a3",0.60104085926254,0.749683362118595,0.835849528734674,0.599072233267063,0.742953020134228,0.899427116486316,0.72885791670527,0.118781531381423,0.747150789962536,0.150221436293431
"147","dnajb6a",0.215037094452442,0.199654576856649,0.15038785553424,0.439363817097414,0.387919463087249,0.393380012730746,0.18835984228111,0.0337721674611593,0.406887764305136,0.0282572982489014
"148","ugt2a5",0.165762374044956,0.135405872193437,0.130619734756861,0.143803843605036,0.124832214765101,0.169318905155952,0.143929326998418,0.0190588099154359,0.14598498784203,0.0223234058360231
"149","abca5",0.189790720850404,0.168796776050662,0.210943364751022,0.266401590457256,0.198657718120805,0.29280712921706,0.189843620550696,0.0210733441473593,0.252622145931707,0.0485636975632765
"150","dnaja1",0.046285018270402,0.0368451352907311,0.0406205688547835,0.0543406229290922,0.0456375838926174,0.0891152132399746,0.0412502408053055,0.00475133799486267,0.0630311400205614,0.023004779479586
"151","mtf1",0.0219244823386115,0.0172711571675303,0.019184252231212,0.0304837640821736,0.040268456375839,0.0318268618714195,0.0194599639124512,0.00233888252918638,0.0341930274431441,0.00530415925996193
"152","slc22a23",0.262318680101871,0.378123200921129,0.384936191508884,0.428760768721007,0.679194630872483,0.677912157861235,0.341792690843961,0.0689107611172781,0.595289185818242,0.14421926521772
"153","ncoa3",0.220462850182705,0.265054691997697,0.306697806322462,0.316103379721669,0.36778523489933,0.466581795035012,0.264071782834288,0.0431258796771045,0.383490136552004,0.0764586248944083
"154","aldh7a1",2.33086036983723,3.91560161197467,2.62890983401452,1.83167660702452,3.30335570469799,2.27625716104393,2.95845727194214,0.842200888456146,2.47042982425548,0.754809319620692
"155","gstm.1",0.589303510131768,0.728382268278641,0.83217949787305,0.802518223989397,0.969798657718123,1.26925525143221,0.716621758761153,0.121864344840519,1.01385737771324,0.23646720978234
"156","rxraa",0.0282360757391208,0.0443293033966609,0.0271081825006255,0.0616302186878728,0.112751677852349,0.0636537237428389,0.0332245205454691,0.0096335449040555,0.0793452067610202,0.0289485384131688
"157","ugt5a2",0.116930572472594,0.0915371329879102,0.106430894987072,0.115970841616965,0.0993288590604029,0.176320814767664,0.104966200149192,0.012759925173827,0.130540171815011,0.0405109781136175
"158","slc30a9",0.301184807883956,0.234312032239494,0.260321961798316,0.404241219350564,0.316107382550336,0.367281985996181,0.265272933973922,0.0337101783547841,0.362543529299027,0.0442575759185409
"159","nat9",0.110508249363304,0.10846286701209,0.13729251814163,0.136514247846256,0.103355704697987,0.168045830681095,0.118754544839008,0.0160868964647386,0.135971927741779,0.0323484726571348
"160","abcb6a",0.141844756948289,0.116753022452504,0.104178830594712,0.222664015904572,0.201342281879195,0.224061107574793,0.120925536665168,0.0191764936356843,0.216022468452853,0.0127325910427462
"161","akr1a1b",0.414682759384342,0.322279792746113,0.349570439569606,0.339297548045063,0.263758389261745,0.334182049649905,0.362177663900021,0.0474740312157548,0.312412662318904,0.0422133959306541
"162","ugt5a3",0.282028568264866,0.236384571099596,0.301276169822337,0.235917826375082,0.208724832214765,0.266072565245067,0.273229769728933,0.0333285768966401,0.236905074611638,0.0286866103825311
"163","slc39a3",0.0562506920606799,0.0435233160621762,0.050546334139628,0.12259774685222,0.0751677852348994,0.115849777211967,0.0501067807541613,0.00637506316328149,0.104538436433029,0.0256585295256388
"164","slc22a31",0.394862141512568,0.3237766263673,0.287096505129703,0.511597084161696,0.410738255033557,0.38765117759389,0.33524509100319,0.054790531637131,0.436662172263048,0.0659142173747055
"165","aldh3a2b",0.106521979847193,0.131836499712147,0.15238969054967,0.428760768721007,0.722818791946309,0.836409929980905,0.130249390036337,0.0229750061831074,0.662663163549407,0.210377005373316
"166","abcd1",0.244601926696932,0.191940126655153,0.234965384936192,0.277004638833664,0.186577181208054,0.260343730108212,0.223835812762759,0.0280395582790248,0.241308516716643,0.0481252094520616
"167","hspa8",51.7609345587421,90.695221646517,66.2921845024607,58.0874751491054,112.155704697987,77.1553150859325,69.5827802359066,19.6746205292262,82.4661649776748,27.4225674685484
"168","hsp90ab1",70.801461632156,124.210938399539,95.1127700392026,89.3790589794566,178.06711409396,124.548695098663,96.7083900236327,26.7404666094751,130.66495605736,44.6592573391503
"169","dnajc4",0.137747757723397,0.106275187104203,0.128868129118358,0.225314777998674,0.151677852348994,0.281985996180777,0.124297024648653,0.0162265807365497,0.219659542176148,0.0653378860721517
"170","abcf3",0.411914516664822,0.411283822682786,0.269079989990825,0.398939695162357,0.351677852348992,0.262253341820497,0.364092776446144,0.0822840910275356,0.337623629777282,0.0694185182537437
"171","slc39a6",0.151699701029786,0.153137593552101,0.098924013679206,0.136514247846256,0.153020134228188,0.108847867600255,0.134587102753698,0.0308935078208639,0.1327940832249,0.0223198791074189
"172","prdx5",0.21481563503488,0.342774899251582,0.327049795646009,0.237243207422133,0.316778523489933,0.385105028644176,0.294880109977491,0.069782231490032,0.313042253185414,0.0740016846471496
"173","dnajc1",0.741889048831802,0.592630972941853,0.539994995412461,0.842279655400926,0.716107382550335,0.633991088478676,0.624838339062039,0.104729594794512,0.730792708809979,0.104917948336523
"174","gstt1a",8.36562949839442,11.9917098445596,12.727917257486,7.71305500331345,11.0469798657718,11.7848504137492,11.0284188668133,2.33523783673859,10.1816284276115,2.16944792510814
"175","dnajc17",0.0267965895249696,0.0202648244099022,0.022020185169739,0.0344599072233266,0.0268456375838926,0.0254614894971356,0.0230271997015369,0.00338031767442676,0.0289223447681183,0.00484534982643338
"176","dnajc6",0.0234746982615436,0.0375359815774323,0.0221870047543582,0.0291583830351226,0.0583892617449665,0.0496499045194143,0.0277325615311114,0.00851438912051637,0.0457325164331678,0.0150040166155967
"177","abcf2a",0.969881519211605,0.924812895797352,0.628743014429895,0.95692511597084,0.936241610738255,0.774029280712922,0.841145809812951,0.185321358237566,0.889065335807339,0.100159484453251
"178","slco2a1",1.07496401284465,0.951180195739781,1.26632746684461,2.66003976143141,2.28456375838926,3.6970082749841,1.09749055847635,0.158776681426392,2.88053726493492,0.731583378640578
"179","abcc2",10.180378695604,7.60506620610247,8.75035449161732,8.51093439363817,6.35704697986578,7.62698917886698,8.84526646444127,1.29027703094517,7.49832351745698,1.08269288679723
"180","sod1",4.83977411139408,4.25158318940703,5.68788055717742,5.63419483101389,4.87516778523492,6.85741565881605,4.92641261932618,0.722057619209548,5.78892609168829,1.00014148016751
"181","slc22a3",0.165873103753738,0.132297063903281,0.17649512052715,0.135188866799205,0.107382550335571,0.162953532781668,0.158221762728056,0.0230710709970327,0.135174983305481,0.02778549382447
"182","nfkb2",0.427195216476581,0.440184225676454,0.271081825006255,0.474486414844267,0.492617449664431,0.334818586887334,0.379487089053097,0.0941060813380178,0.433974150465344,0.0863484391709956
"183","dnajb14",0.0445133429299081,0.0439838802533104,0.0581366252398031,0.0583167660702451,0.0986577181208055,0.0840229153405478,0.0488779494743405,0.00802261742693437,0.0803324665105328,0.020422112097225
"184","aldh18a1",0.635588528402171,0.493264248704664,0.456918842272083,1.0649436713055,0.687919463087248,0.754933163590073,0.528590539792972,0.0944281436701896,0.835932099327607,0.201140334315646
"185","hspa9",1.67168641346474,2.02417962003454,1.12152806739511,2.28694499668654,2.76510067114094,1.76702737110121,1.60579803363146,0.454918580977282,2.27302434630957,0.499182247724454
"186","fmo5",0.383899900343262,0.294300518134715,0.278171657352574,0.318754141815772,0.21006711409396,0.288987905792489,0.318790691943517,0.0569600017675872,0.27260305390074,0.0561655145742152
"187","txn2",0.294651755065885,0.223834196891191,0.214696805404954,0.416169648774022,0.391946308724834,0.384468491406748,0.24439425245401,0.0437634026028614,0.397528149635201,0.016571317255054
"188","cyp3c2",0.157789835012733,0.117098445595855,0.151639002418884,0.125911199469848,0.0892617449664429,0.120305537873966,0.142175761009158,0.0219342653547615,0.111826160770085,0.0197413400229478
"189","slc30a7",2.68663492415015,1.9454231433506,2.21928434398199,2.89662027833002,2.28322147651007,2.7733927434755,2.28378080382758,0.374791369962636,2.65107816610519,0.32447675478606
"190","akr1a1a",0.827593843428191,0.615198618307427,0.805738593710902,0.839628893306826,0.560402684563758,0.77466581795035,0.749510351815507,0.116829552355174,0.724899131940311,0.146114205981394
"191","nfe2l2a",0.514893145831027,0.955094991364421,0.753440653932771,0.960238568588468,2.36912751677853,2.00954805856143,0.741142930376073,0.22035843915371,1.77963804797614,0.732042332661519
"192","abcd3a",6.11936662606577,6.01658031088083,8.12444741012595,6.36580516898606,6.4536912751678,8.74984086569068,6.75346478235752,1.18841755325284,7.18977910328151,1.35176755354363
"193","hnf4a",1.478020152807,2.7685664939551,1.94394861956794,2.18952948972829,4.35637583892619,3.1814131126671,2.06351175544335,0.653528095997376,3.24243948044053,1.0847114539963
"194","gsta.1",1.06987044624073,0.925964306275187,1.28626240720661,1.89595758780649,1.43221476510067,2.1502227880331,1.09403238657417,0.181360221394342,1.82613171364676,0.3640612857411
"195","fthl27",1.47126564057136,1.07069660333909,1.38793894403202,4.06626905235253,2.76979865771813,3.82367918523234,1.30996706264749,0.211361299939889,3.553248965101,0.6892446945832
"196","vdra",0.0484996124460193,0.0347725964306274,0.043790140962549,0.245858184227965,0.239597315436242,0.290260980267346,0.0423541166130653,0.00697526821139797,0.258572159977184,0.0276212892176201
"197","ugt5b1",0.0263536706898461,0.0249856073690271,0.0342814246392527,0.0192180251822399,0.0214765100671141,0.0426479949077022,0.0285402342327086,0.00501884944739205,0.0277808433856854,0.0129247566428833
"198","aldh16a1",0.671243494629609,1.05123776626367,0.572858453582451,0.621603711066931,0.994630872483222,0.541056651814134,0.765113238158577,0.252626875575393,0.719097078454762,0.241994030768027
"199","hsf2",0.300741889048832,0.45146804835924,0.240887480190175,0.410205434062291,0.546308724832215,0.309357097390198,0.331032472532749,0.108508909811355,0.421957085428235,0.118912128982813
"200","slc67a1",0.727383456981508,0.593897524467472,0.834348152473101,0.636845593108016,0.57248322147651,0.88987905792489,0.718543044640694,0.120468837442892,0.699735957503139,0.167783871987164
"201","nfe2l1a",0.176946074631823,0.134484743811169,0.123029443656685,0.345924453280317,0.30268456375839,0.235518777848505,0.144820087366559,0.0284053739410919,0.294709264962404,0.0556332394801223
"202","hmox2b",0.0208171852508028,0.0317789291882557,0.0170155976311619,0.119284294234592,0.189261744966443,0.102482495225971,0.0232039040234068,0.00766559257597191,0.137009511475669,0.0460249610652994
"203","slc15a2",0.0847082272173624,0.0972941853770869,0.0528818083242973,0.0762094102054341,0.119463087248322,0.0732017823042648,0.0782947403062489,0.0228902691036837,0.0896247599193404,0.0258844700494635
"204","ephx1",1.90366515336065,1.33183649971215,1.57486028859789,2.32935719019218,1.60872483221477,2.08911521323998,1.6034539805569,0.286984671538829,2.00906574521564,0.366924633731854
"205","cyp2ad2",8.38356771121692,5.89683362118595,7.58044874468264,7.92312789927105,5.61342281879195,7.57479312539786,7.28695002569517,1.26908145214009,7.03711461448695,1.24519397104197
"206","ugt1b4",0.0249141844756948,0.0211859527921704,0.0301943448160815,0.0212060967528164,0.0221476510067114,0.0184595798854233,0.0254314940279822,0.00452642116840466,0.020604442548317,0.001916235367919
"207","aldh6a1",21.9409810652198,20.2697754749569,28.5549253482359,21.0384360503644,20.544966442953,29.1896880967537,23.5885606294708,4.38141711334099,23.5910301966904,4.8548538366068
"208","cyp20a1",0.812313143616432,0.576165803108809,0.772875135540912,0.693174287607686,0.481208053691277,0.698917886696372,0.720451360755384,0.126501307223596,0.624433409331778,0.124070037101566
"209","gpx1a",9.7899457424427,6.85238917674151,8.90599716406706,13.209410205434,9.34429530201344,12.173774665818,8.51611069441709,1.50708932667763,11.5758267244218,2.00073351789436
"210","gstm.3",0.116266194219909,0.0834772596430627,0.114188005671866,0.147779986746189,0.0838926174496645,0.120305537873966,0.104643819844946,0.0183602061533978,0.117326047356607,0.0320477302115909
"211","dnajc5ab",0.0106300520429631,0.0165803108808291,0.0087580281925098,0.0781974817760105,0.12751677852349,0.0827498408656907,0.011989463705434,0.0040844860955867,0.0961547003883971,0.0272555673585069
"212","gclc",0.324216587310376,0.501669545192861,0.263908582867628,0.433399602385686,0.619463087248323,0.438574156588161,0.363264905123622,0.123596711705807,0.49714561540739,0.10596162956923
"213","gsta.2",0.12922157014727,0.106044905008636,0.152973559095838,0.161696487740225,0.124832214765101,0.1502227880331,0.129413344750581,0.023464914803445,0.145583830179475,0.0188648774968698
"214","slco3a1a",0.0137304838888273,0.0143926309729419,0.00817415964634248,0.0278330019880715,0.0335570469798658,0.0369191597708467,0.0120990915027039,0.00341517602006996,0.0327697362462613,0.0045939590177545
"215","nr1h5",1.17893920938988,0.86252158894646,0.818667111518893,1.20079522862823,0.840268456375841,0.857415658816042,0.953375969951744,0.196570305582966,0.966159781273371,0.203381050013128
"216","cyp2k6",9.50149485106854,6.51871042026483,8.45942113604137,8.92710404241218,6.06174496644296,8.24506683640995,8.15987546912491,1.51378546864725,7.74463861508836,1.4967938943225
"217","ncoa5",0.233528955818847,0.21761658031088,0.310618066561015,0.282968853545394,0.229530201342282,0.350095480585615,0.253921200896914,0.049741349556244,0.28753151182443,0.0604120023479121
"218","cyp2v1",0.184032775993799,0.12573402417962,0.162982734172992,0.180914512922465,0.103355704697987,0.159134309357098,0.15758317811547,0.0295220683554955,0.147801508992516,0.0400020806506103
"219","pparab",0.0758498505148932,0.0571099597006333,0.0829093335557596,0.497017892644135,0.62281879194631,0.622533418204965,0.0719563812570953,0.0133330885384897,0.580790034265137,0.072548943089269
"220","sult1st6",0.271730705348245,0.348647092688543,0.432479773125366,0.254473161033797,0.336241610738255,0.497772119669004,0.350952523720718,0.080399328087904,0.362828963813685,0.123809374951625
"221","sult2st2",0.706455542021925,0.825446171560161,1.07873884394028,0.654075546719681,0.73758389261745,1.01845957988542,0.870213519174121,0.190136268978593,0.803373006407519,0.190892866620247
"222","abcc10",0.107297087808659,0.0724237190558434,0.0926682792559847,0.10337972166998,0.0630872483221478,0.0770210057288353,0.0907963620401624,0.0175118821829532,0.0811626585736543,0.0204630354135619
"223","dnajc14",0.107629276935002,0.0911917098445595,0.0643089498707149,0.214049039098741,0.185906040268456,0.132399745385105,0.0877099788834254,0.0218690311194503,0.177451608250767,0.0414760154371193
"224","vdrb",0.0380910198206179,0.0278641335636154,0.0408707982317125,0.0755467196819086,0.0456375838926174,0.0891152132399746,0.0356086505386486,0.00684944883812778,0.0700998389381669,0.0222447172558779
"225","ugt1a5",0.101206953825712,0.129533678756477,0.162565685211445,0.0848243870112657,0.104697986577181,0.133672819859962,0.131102105931211,0.0307094195999936,0.10773173114947,0.024565118614426
"226","slc39a13",0.0919056582881187,0.0612550374208405,0.0772374676787056,0.078860172299536,0.057046979865772,0.0706556333545514,0.0767993877958883,0.0153300057199991,0.0688542618399531,0.0110176016236888
"227","ugt5g1",0.168198427638135,0.13126079447323,0.196847109850696,0.196819085487077,0.173825503355705,0.259070655633355,0.165435443987354,0.03288033987338,0.209905081492046,0.0441034745262941
"228","hspb1",0.0941202524637361,0.0706966033390903,0.106097255817833,0.137839628893307,0.0832214765100671,0.148313176320815,0.0903047038735531,0.0180061199946911,0.12312476057473,0.0349517933486671
"229","ugt2b5",0.0695382571143838,0.117098445595855,0.0611393777629494,0.077534791252485,0.0899328859060403,0.07511139401655,0.082592026824396,0.0301770607566982,0.0808596903916918,0.00795049502685086
"230","sult2st1",0.0217030229210498,0.0280944156591825,0.0353657519392777,0.0265076209410205,0.0429530201342284,0.0432845321451304,0.02838773017317,0.0068360855838315,0.0375817244067931,0.00959188723512326
"231","ar",0.90023253238844,1.32262521588946,0.650262740845776,2.07223326706428,3.44093959731544,1.76702737110121,0.957706829707894,0.339845988060757,2.42673341182698,0.891486567338481
"232","nat8",0.242165873103753,0.160967184801381,0.219200934189674,0.716368455931077,0.61476510067114,0.721196690006365,0.207444664031603,0.041856470963623,0.684110082202861,0.0601030183002274
"233","prdx2",11.1718525080279,7.928727691422,11.8045708566186,14.0980781974818,9.19328859060405,15.4201145767028,10.3017170186895,2.07927677033504,12.9038271215962,3.28070376435895
"234","hsd17b12b",0.955154467943749,0.633160621761658,0.740512136124781,1.37508283631544,0.876510067114095,1.23424570337365,0.776275741943396,0.163949034369361,1.16194620226773,0.257029404820533
"235","esr2a",0.167866238511793,0.236729994242948,0.114771874218033,0.202120609675281,0.270469798657718,0.122215149586251,0.173122702324258,0.0611487413514104,0.198268519306417,0.0742023530151397
"236","nfe2",0.0250249141844756,0.0163500287852619,0.0221870047543582,0.0331345261762756,0.0214765100671141,0.0311903246339911,0.0211873159080319,0.00442300152774956,0.0286004536257936,0.00624563117544525
"237","dnajc10",0.209057690178275,0.135751295336787,0.171156893819335,0.222001325381047,0.136241610738255,0.192234245703374,0.171988626444799,0.0366602743515949,0.183492393940892,0.0435430493084851
"238","akr1b1.1",0.124792381796036,0.184801381692573,0.216281591458837,0.156394963552021,0.21744966442953,0.243157224697645,0.175291784982482,0.0464800300491771,0.205667284226399,0.0445650182566296
"239","hnf4g",0.0945631712988595,0.18860103626943,0.162148636249896,0.096752816434725,0.204026845637584,0.217059197963081,0.148437614606062,0.0484950935450596,0.17261295334513,0.0660191701767982
"240","gpx8",0.0969992248920385,0.0630972941853771,0.0872466427558595,0.180251822398939,0.100671140939597,0.127307447485678,0.0824477206110917,0.0174530073833559,0.136076803608072,0.0405086092143921
"241","cyp39a1",0.515668253792493,0.452389176741508,0.685878722161982,0.567263088137838,0.630872483221477,0.744112030553791,0.551312050898661,0.120756789288529,0.647415867304369,0.0895776187230707
"242","hsbp1b",0.095006090133983,0.0625215889464594,0.0916673617482692,0.306163021868787,0.138255033557047,0.274347549331636,0.0830650136095706,0.0178692752923862,0.239588534919157,0.0891875268572857
"243","thrab",0.00343262097220684,0.00713874496257915,0.00567186587705397,0.0331345261762756,0.0456375838926174,0.0381922342457034,0.00541441060394665,0.00186642738172193,0.0389881147715322,0.00628941033985608
"244","aldh1a2",0.0179382128225003,0.0124352331606218,0.0191008424389023,0.0172299536116633,0.0174496644295302,0.0833863781031192,0.0164914294740081,0.00356054396206262,0.0393553320481043,0.0381321626810624
"245","abcc9",0.0865906322666372,0.0589522164651698,0.0585536742013513,0.0569913850231941,0.0308724832214766,0.0502864417568429,0.0680321743110528,0.0160733313364376,0.0460501033338378,0.013564998350815
"246","ugt5b6",1.00210386446684,0.694991364421417,1.07139878221703,0.804506295559973,0.618120805369127,0.985359643539148,0.922831337035095,0.20033406162446,0.802662248156083,0.183626363706951
"247","bach1b",0.30561399623519,0.247438111686817,0.175494203019435,0.377070907886017,0.342953020134228,0.250159134309358,0.242848770313814,0.0651811835371696,0.323394354109868,0.065677664624914
"248","ugt1b5",0.0843760380910198,0.0601036269430052,0.0944198848944867,0.0914512922465208,0.0899328859060403,0.16995544239338,0.0796331833095039,0.0176429134089885,0.117113206848647,0.0457690155288215
"249","dnaja3b",0.112722843538921,0.0738054116292459,0.0800734006172325,0.107355864811133,0.0684563758389261,0.108211330362826,0.0888672185951333,0.0208959338767713,0.0946745236709619,0.0227096105676516
"250","prdx6",0.826708005757946,1.76764536557282,1.28809742263742,0.860172299536115,1.92953020134228,1.44302991725016,1.29415026465606,0.470497881447116,1.41091080604285,0.535402006456255
"251","cp",93.3546672572251,90.4168105929763,50.1269497038953,102.812458581842,99.6771812080539,53.1661362189687,77.9661425180322,24.1541558091343,85.2185920029549,27.8024716957133
"252","ugt5e1",0.0531502602148156,0.0343120322394934,0.0517140712319627,0.0689198144466534,0.0348993288590605,0.081476766390834,0.0463921212287572,0.0104862801884184,0.0617653032321826,0.0240988525617934
"253","dnajc12",0.0755176613885506,0.0473229706390328,0.0664776044707649,0.0722332670642808,0.0449664429530203,0.0604710375556973,0.0631060788327828,0.0143965459559199,0.0592235825243328,0.0136761482998709
"254","hsd11b2",0.433728269294652,0.771329879101899,0.390107598632079,0.510934393638172,0.919463087248323,0.640356460852962,0.53172191567621,0.208649641336902,0.690251313913152,0.208784687290825
"255","abcg5",0.611781641014284,0.532642487046631,0.83009425306531,0.493041749502983,0.395973154362416,0.707192870782942,0.658172793708742,0.15405678356745,0.532069258216114,0.159238148065981
"256","slc47a4",0.0581330971099546,0.0446747265400114,0.0713153724247227,0.0742213386348573,0.0583892617449665,0.0585614258434121,0.0580410653582296,0.0133205613872367,0.0637240087410786,0.00909136190530951
"257","abcc6b.2",0.0359871553537814,0.0240644789867587,0.0377846359162565,0.0218687872763419,0.0167785234899329,0.0311903246339911,0.0326120900855989,0.00745680734067072,0.0232792118000887,0.00730869181569856
"258","abcc3",0.0940095227549552,0.0590673575129533,0.0866627742096922,0.114645460569914,0.0738255033557049,0.0903882877148317,0.0799132181592002,0.0184229777210116,0.0929530838801501,0.0205304861430431
"259","cyp2p9",1.27903886612778,0.792400690846286,1.07131537242472,1.97349237905898,1.26308724832215,1.73583704646722,1.04758497646626,0.244185436051342,1.65747222461612,0.361627773300281
"260","txnl4a",0.172516886280589,0.122394933793897,0.106180665610143,0.139165009940357,0.0885906040268458,0.123488224061108,0.13369749522821,0.0345822854138045,0.11708127934277,0.0258887878983168
"261","bach2a",0.0128446462185804,0.0214162348877375,0.0102594044540829,0.0357852882703777,0.0436241610738255,0.0280076384468492,0.0148400951868003,0.00583995537396541,0.0358056959303508,0.0078082813149985
"262","cyp2x10.2",0.365518768685638,0.292458261370178,0.470431228626241,0.29688535453943,0.202684563758389,0.353278166772757,0.376136086227352,0.089460269630256,0.284282695023525,0.0760836946222224
"263","cyp2aa12",0.0276824271952165,0.0434081750143926,0.0508799733088665,0.047713717693837,0.0483221476510068,0.0891152132399746,0.0406568585061585,0.0118409815184422,0.0617170261949395,0.0237294761166201
"264","cyp2p8",0.0360978850625622,0.0219919401266552,0.0296938860622237,0.0337972166998011,0.0174496644295302,0.0248249522597072,0.0292612370838137,0.00706291791596079,0.0253572777963462,0.00818676640469412
"265","dnajb1b",0.0733030672129333,0.0483592400690846,0.0478772207857202,0.106030483764082,0.07248322147651,0.081476766390834,0.0565131760225793,0.014542469538745,0.0866634905438087,0.0173646561246423
"266","mgst3a",1.56383567711217,1.17743235463443,1.95379097506048,1.33730947647448,0.994630872483222,1.88351368555061,1.56501966893569,0.388180664452698,1.4051513448361,0.448307989186836
"267","sult3st1",0.675561953272063,0.440529648819803,0.723246309116691,0.984758117958911,0.775838926174498,1.21642266072566,0.613112637069519,0.151350967367177,0.992339901619688,0.220389698875357
"268","dnajc2",0.181153803565497,0.191824985607369,0.0934189673867713,0.214049039098741,0.202013422818792,0.106301718650541,0.155465918853212,0.0539984876755995,0.174121393522691,0.059041047074325
"269","dnajc27",0.0171631048610342,0.0108232584916523,0.0175994661773292,0.0397614314115309,0.0409395973154361,0.0413749204328455,0.0151952765100052,0.00379255968498741,0.0406919830532709,0.000834758242005695
"270","abcg8",1.09533827926033,0.706735751295337,1.16498456918842,0.937044400265076,0.607382550335571,1.11139401654997,0.989019533248028,0.246932686354648,0.885273655716873,0.255962979768957
"271","ncoa1",0.0556970435167755,0.0853195164075993,0.104429059971641,0.0709078860172299,0.0738255033557049,0.127943984723107,0.0818152066320052,0.0245542765560667,0.0908924580320138,0.0321207074227673
"272","cyp2k19",0.733584320673236,0.457800805987335,0.497205771957628,1.84824387011265,1.47114093959732,1.6008911521324,0.562863632872733,0.14915546509628,1.64009198728079,0.191583360859084
"273","hsd17b3",0.00730816077953716,0.00437535981577432,0.00542163650012512,0.0106030483764082,0.0040268456375839,0.0127307447485678,0.0057017190318122,0.00148632602132885,0.00912021292085331,0.00453746247088994
"274","slc47a2.1",0.270069759716533,0.435002878526194,0.19384435732755,0.293571901921802,0.411409395973156,0.207511139401655,0.299638998523425,0.123268459061487,0.304164145765538,0.102360986124882
"275","bmal1a",0.150481674233197,0.119976971790443,0.201267828843106,0.152418820410868,0.116778523489933,0.181413112667092,0.157242158288915,0.0410649359988521,0.150203485522631,0.0323741920520852
"276","cyp2k16",0.0172738345698151,0.0181922855497985,0.0276920510467928,0.0119284294234592,0.0194630872483222,0.0248249522597072,0.0210527237221355,0.00576813562111837,0.0187388229771629,0.006478695421713
"277","cyp2x9",4.84885394751412,7.03569372481289,9.04237217449329,3.76408217362489,5.66845637583894,7.37110120942077,6.9756399489401,2.09740401973465,5.60121325296153,1.80444944770675
"278","dnajc30b",0.121249031115048,0.0706966033390903,0.0943364751021771,0.147117296222664,0.0798657718120807,0.134309357097391,0.0954273698521052,0.0252938634262824,0.120430808377378,0.0357092770833734
"279","gss",0.0642232310929022,0.0748416810592976,0.0335307365084661,0.0636182902584492,0.0805369127516781,0.0337364735837047,0.0575318828868886,0.0214529517906292,0.0592972255312773,0.0236975521280385
"280","arnt",0.207728933672905,0.134484743811169,0.229376928851448,0.357852882703777,0.275838926174497,0.392743475493317,0.19053020211184,0.0497290556004416,0.34214509479053,0.0600143263205109
"281","ugt1a2",0.0674343926475473,0.0400690846286701,0.0643089498707149,0.0543406229290922,0.0241610738255034,0.0515595162316996,0.0572708090489774,0.0149788714665679,0.0433537376620984,0.0166794003931189
"282","cyp46a1.2",2.7829697707895,1.66332757628094,1.95604303945283,2.77799867461895,1.70738255033557,2.23360916613622,2.13411346217442,0.580673288103708,2.23966346369692,0.535333739160073
"283","nfe2l3",0.161997563946407,0.123891767415083,0.0854950371173576,0.255135851557322,0.180536912751678,0.144493952896245,0.123794789492949,0.0382513556144798,0.193388905735082,0.0564294934193649
"284","hsd3b2",0.0230317794264201,0.0163500287852619,0.0126782884310619,0.0198807157057654,0.0174496644295302,0.0165499681731382,0.0173533655475813,0.0052491625467028,0.0179601161028113,0.00172304685501936
"285","slc39a11",0.0280146163215591,0.0162348877374784,0.0201017599466178,0.128561961563949,0.0939597315436242,0.14640356460853,0.0214504213352184,0.00600455385807128,0.122975085905368,0.0266645605880401
"286","nr1i2",0.331081829254789,0.266781807714449,0.459421136041372,0.645460569913851,0.593959731543626,1.19796308084023,0.352428257670204,0.098077674366457,0.812461127432569,0.334846085760386
"287","hmox2a",1.414350570258,0.79481865284974,1.24756026357494,1.41153081510934,0.865771812080539,1.3991088478676,1.15224316222756,0.320575984017579,1.22547049168583,0.311570106717381
"288","hsd20b2",0.36817628169638,0.20587219343696,0.310284427391776,0.548045062955597,0.340268456375839,0.519414385741569,0.294777634175038,0.0822556973305217,0.469242635024335,0.112608538699221
"289","cyp2p6",1.37171963237737,0.777086931491077,1.0225206439236,1.74486414844268,0.963087248322149,1.52705283259071,1.05710906926401,0.298821487876087,1.41166807645184,0.403458810602067
"290","cyp2p10",0.0746318237183036,0.0472078295912493,0.0839102510634749,0.0735586481113318,0.0429530201342284,0.0763844684914067,0.068583301457676,0.0190841662546259,0.0642987122456556,0.018539828585831
"291","akr1b1.2",0.135754622965342,0.0998272884283247,0.178079906581033,0.183565275016567,0.173154362416107,0.276257161043922,0.137887272658233,0.0391698762823272,0.210992266158865,0.0567602559328415
"292","ugt5b4",0.0796146606134426,0.0506620610247553,0.0913337225790309,0.0841616964877402,0.0543624161073826,0.154678548695099,0.0738701480724096,0.0209355100641697,0.097734220430074,0.0515169066323183
"293","hsbp1l1",0.00852618757612668,0.00483592400690846,0.00600550504629243,0.0278330019880715,0.00671140939597316,0.0108211330362826,0.00645587220977586,0.00188590409062415,0.0151218481401091,0.0111983271612262
"294","nfkb1",0.0709777433285351,0.0584916522740357,0.0343648344315623,0.204108681245858,0.216778523489933,0.145130490133673,0.0546114100113777,0.0186123207711235,0.188672564956488,0.03823696425619
"295","abca1a",8.8078839552652,6.81301093839954,4.36274918675453,11.949635520212,10.5543624161074,6.75811584977721,6.66121469347309,2.2264517404462,9.75403792869888,2.68670031562643
"296","rarga",0.031447237293766,0.0223373632700057,0.0407039786470932,0.0801855533465869,0.0536912751677852,0.0922978994271166,0.0314961930702883,0.00918340555586586,0.0753915759804962,0.0197447340679798
"297","bmal2",0.0254678330195992,0.0138169257340242,0.0206856284927851,0.0364479787939032,0.0181208053691276,0.0216422660725653,0.0199901290821362,0.0058565091750057,0.0254036834118653,0.00972535432443161
"298","ugt1ab",1.09445244159008,1.65446171560161,2.17682875969639,0.767395626242544,1.35369127516779,1.67154678548695,1.64191430562936,0.541297239621727,1.26421122896576,0.458669094982417
"299","dnajc5ga",0.0626730151699701,0.0825561312607944,0.0331970973392276,0.254473161033797,0.306040268456376,0.119032463399109,0.0594754145899974,0.0248343923726629,0.226515297629761,0.0965878428306237
"300","cyp8b1.2",0.0372051821503709,0.0211859527921704,0.0375344065393277,0.047713717693837,0.0214765100671141,0.0566518141311268,0.0319751804939564,0.00934519518123133,0.0419473472973593,0.0182828820118976
"301","cyp46a1.4",1.95050382017495,1.12700057570524,1.23930269413629,1.92312789927104,0.977181208053692,1.27753023551878,1.43893569667216,0.446575189849538,1.39261311428117,0.483359945997226
"302","hsp90b1",8.78064444690511,5.40023028209557,5.12227875552591,9.06891981444666,5.46979865771813,5.34436664544878,6.43438449484219,2.03666788769581,6.62769503920452,2.11509269297293
"303","cyp4v2b",8.35787841877976,4.61508347725964,5.72983568270915,9.36514247846255,6.26510067114095,7.47422024188415,6.23426585958285,1.92170909506948,7.70148779716255,1.56246686622377
"304","cyp2k21",0.152585538700033,0.0830166954519286,0.108265910417883,0.275679257786613,0.123489932885906,0.179503500954806,0.114622714856615,0.0352173637531833,0.192890897209109,0.0769728162229078
"305","abcf1",1.18358985715868,1.88244099021302,0.74526649428643,1.39032471835653,2.23825503355705,0.951623169955444,1.27043244721937,0.573539610779247,1.52673430728967,0.654072679503904
"306","gstp1.2",3.30417451002104,3.13045480713874,5.36483443156227,3.93505632869451,3.7469798657718,6.89497135582433,3.93315458290735,1.24290990243694,4.85900251676355,1.76570666425549
"307","sult1st5",0.0599047724504485,0.0327000575705239,0.0602218700475436,0.0563286944996686,0.0362416107382552,0.0464672183322724,0.050942233356172,0.0157989832194159,0.0463458411900654,0.0100440919359342
"308","cyp2k22",0.00642232310929022,0.0110535405872193,0.0138460255233965,0.00530152418820409,0.014765100671141,0.0190961171228517,0.0104406297399687,0.00374961120161944,0.0130542473273989,0.00705464123333019
"309","nr3c2",0.0234746982615436,0.0186528497409326,0.0345316540161815,0.0106030483764082,0.0107382550335571,0.0330999363462763,0.0255530673395525,0.00814087340653529,0.0181470799187472,0.0129497299862491
"310","txnb",3.08326874100321,1.75877950489349,1.88147468512803,3.49701789264413,1.98456375838926,2.18332272437938,2.24117431034158,0.731850940715869,2.55496812513759,0.821869579060272
"311","slc39a10",0.03964123574355,0.0207253886010362,0.0373675869547085,0.0444002650762093,0.0348993288590605,0.108211330362826,0.0325780704330982,0.0103274837043115,0.0625036414326987,0.0398680519683439
"312","slc22a16",0.00741889048831802,0.00575705238917673,0.0107598632079406,0.00397614314115309,0.00268456375838926,0.017823042647995,0.00797860202847846,0.00254793775006903,0.0081612498491791,0.0083922419168499
"313","cyp46a1.5",0.0186025910751854,0.00967184801381691,0.0173492368004004,0.0159045725646123,0.00604026845637584,0.029280712921706,0.0152078919631342,0.00483513817704419,0.0170751846475647,0.0116643608578906
"314","slc16a5b",0.0263536706898461,0.0432930339666091,0.0168487780465426,0.0357852882703777,0.0630872483221478,0.040738383195417,0.028831827567666,0.0133951712913575,0.0465369732626475,0.0145453425790852
"315","sult3st3",0.56903997342487,0.629130685089233,1.023438151639,0.612326043737573,0.69798657718121,1.07829408020369,0.740536270051036,0.246835632277011,0.796202233707493,0.248024775258823
"316","esr1",0.540139519433064,1.37915947035118,0.814079572941864,0.886679920477137,1.92147651006712,1.19159770846595,0.911126187575369,0.427845946069993,1.33325137967007,0.531742717280611
"317","ugt1b3",0.0407485328313586,0.021301093839954,0.0397864709316874,0.0218687872763419,0.0261744966442953,0.0388287714831318,0.0339453658676667,0.0109608212332744,0.0289573518012564,0.00881580842532942
"318","cyp2ad3",1.28856162108293,0.679677605066205,1.29426974726833,1.15043074884029,0.670469798657718,1.3564608529599,1.08750299113916,0.353198676130447,1.0591204668193,0.35199305014122
"319","slc30a5",0.861034215480013,0.475187104202648,0.530736508466095,0.542743538767394,0.38523489932886,0.399108847867601,0.622319276049585,0.208590629724733,0.442362428654618,0.0872089276543337
"320","hsd17b8",0.504041634370502,0.25146804835924,0.424472433063642,0.479125248508946,0.232214765100671,0.463399108847867,0.393327371931128,0.129135065773624,0.391579707485828,0.138237898252354
"321","gsto2",0.207396744546561,0.112607944732297,0.221035949620485,0.177601060304837,0.0805369127516781,0.299809038828772,0.180346879633115,0.0590586949981545,0.185982337295096,0.109876069603817
"322","ugt1b7",0.0522644225445688,0.0484743811168681,0.0864125448327634,0.0457256461232602,0.0308724832214766,0.0623806492679822,0.0623837828314001,0.0208956252836459,0.046326259537573,0.0157626674220651
"323","dnajc15",0.114051600044292,0.0636729994242947,0.0682292101092668,0.136514247846256,0.0838926174496645,0.119669000636538,0.0819846031926178,0.0278641163374226,0.113358621977486,0.0268723771839099
"324","cyp3c3",0.06521979847193,0.0322394933793897,0.0528818083242973,0.0742213386348573,0.0382550335570471,0.196053469127944,0.050113700058539,0.0166634914867047,0.10284328043995,0.0827012589485566
"325","txnl4b",0.128889381020929,0.0664363845710996,0.0866627742096922,0.167660702451955,0.0791946308724832,0.12667091024825,0.0939961799339068,0.0318657860569537,0.124508747857562,0.0442726514321066
"326","dnajc25",0.136640460635588,0.0803684513529073,0.0747351739094171,0.327369118621603,0.242953020134228,0.211330362826226,0.0972480286326376,0.0342309250242987,0.260550833860686,0.0599875861957966
"327","hspd1",1.13287565053704,2.2188831318365,0.907248310951706,1.12326043737574,2.2751677852349,0.945894334818587,1.41966903110842,0.70127334769977,1.44810751914308,0.721724460161208
"328","nat10",0.792713985162219,1.03189407023604,0.373008591208608,0.670642809807818,0.890604026845638,0.33609166136219,0.732538882202289,0.333539054505586,0.632446166005216,0.279222543084991
"329","abcf2b",0.0270180489425313,0.0694300518134715,0.062974393193761,0.0510271703114644,0.0812080536912752,0.0973901973265438,0.0531408313165879,0.0228521049637731,0.0765418071097611,0.0235311062504478
"330","sult2st3",0.0689846085704794,0.134945308002303,0.0549670531320378,0.117958913187541,0.263758389261745,0.119669000636538,0.0862989899016066,0.0427079754107243,0.167128767695275,0.0836880751530962
"331","abcc1",0.409810652197985,0.199078871617731,0.308783051130203,0.388336646785951,0.190604026845638,0.358370464672184,0.305890858315306,0.105395656557042,0.312437046101258,0.106569022015425
"332","slc47a3",0.140848189569262,0.0827864133563615,0.17215781132705,0.168986083499006,0.103355704697987,0.20560152768937,0.131930804750891,0.0453481147106247,0.159314438628788,0.0518045134681143
"333","sult1st4",0.710109622411693,0.425331030512378,0.887813829343565,0.971504307488401,0.646979865771812,1.4462126034373,0.674418160755879,0.233298082139628,1.02156559223251,0.401961243668767
"334","abcc5",1.60713099324549,0.870005757052389,1.81399616314956,1.50563286944996,0.846979865771812,1.84850413749205,1.43037763781581,0.496196315174359,1.40037229090461,0.508991707946175
"335","cyp2y3",5.24548776436718,2.51974668969488,3.93727583618317,5.64413518886677,2.61677852348993,4.29662635264163,3.90083676341508,1.36323584021881,4.18584668833278,1.51671559475357
"336","ugt5c3",0.553870003321891,0.265515256188832,0.406289098340145,0.655400927766733,0.377181208053693,0.857415658816042,0.408558119283623,0.144190763887893,0.629999264878823,0.241122821986756
"337","abcb11b",5.43649651201417,2.59516407599309,5.12803403119527,5.16766070245196,2.63087248322148,5.03882877148315,4.38656487306751,1.55904614663498,4.27912065238553,1.42887750943661
"338","cyp7a1b",0.272616543018492,0.178123200921128,0.373092001000918,0.321404903909874,0.166442953020135,0.521323997453853,0.274610581646846,0.0974996943260684,0.336390618127954,0.177914495327281
"339","slc30a8",0.0641125013841213,0.029706390328152,0.0545500041704897,0.0907886017229953,0.0315436241610739,0.0789306174411206,0.0494562986275877,0.0177596310946277,0.0670876144417299,0.0313477970774794
"340","cyp2j20",0.0896910641125014,0.0421416234887737,0.0653098673784303,0.0642809807819747,0.0409395973154361,0.0541056651814134,0.0657141849932351,0.023777298636674,0.0531087477596081,0.0117025821420926
"341","sult3st2",0.232200199313475,0.21301093839954,0.399449495370757,0.242544731610338,0.245637583892618,0.476766390833866,0.281553544361257,0.102550711269749,0.321649568778941,0.134344009159786
"342","abca2",0.0188240504927472,0.0124352331606218,0.026357494369839,0.0291583830351226,0.0174496644295302,0.0553787396562701,0.0192055926744026,0.00696896836853959,0.0339955957069743,0.0194217058136886
"343","mgst1.1",0.138633595393644,0.102245250431779,0.0586370839936609,0.45791915175613,0.318120805369128,0.278803309993635,0.0998386432730279,0.0400525189913732,0.351614422372964,0.0941381324308674
"344","nfe2l1b",0.0376481009854944,0.0221070811744387,0.048377679539578,0.0728959575878063,0.0496644295302013,0.0916613621896884,0.0360442872331704,0.0132085293855797,0.071407249769232,0.0210380079006589
"345","mgst3b",2.03986269516111,1.07000575705239,2.36216531820836,2.40490390987408,1.42147651006712,3.44048376830045,1.82401125680729,0.672579337663044,2.42228806274722,1.00961588427384
"346","raraa",0.0345476691396301,0.102130109383995,0.081491367086496,0.0781974817760105,0.140939597315436,0.108211330362826,0.0727230485367071,0.0346339301117953,0.109116136484758,0.0313808424230355
"347","ugt5b2",0.275163326320452,0.121934369602763,0.242805905413295,0.235917826375082,0.101342281879195,0.2533418204965,0.213301200445503,0.0807630732799659,0.196867309583592,0.0831845663643817
"348","npas3",0.030561399623519,0.0172711571675303,0.0154308115772792,0.0662690523525512,0.0335570469798658,0.0171865054105666,0.0210877894561095,0.00825582734654274,0.0390042015809945,0.0249905526852545
"349","prdx1",0.184807883955266,0.0854346574553829,0.122695804487446,0.159045725646123,0.0563758389261745,0.133672819859962,0.130979448632698,0.0502018287166228,0.116364794810753,0.0534785209976846
"350","dnajc21",0.181153803565497,0.172941853770869,0.0677287513554092,0.244532803180914,0.259060402684564,0.124761298535965,0.140608136230592,0.0632488148876808,0.209451501467148,0.0737026840842876
"351","adh8a",20.0356549662275,62.0435233160622,44.5571774126283,20.3823724320742,73.5080536912751,46.3507320178232,42.2121185649727,21.1018891707233,46.7470527137242,26.5650579687689
"352","dnajb6b",0.047060126231868,0.0204951065054692,0.0372841771623989,0.0874751491053676,0.0375838926174497,0.11075747931254,0.0349464699665787,0.0134359117467342,0.0786055070117858,0.0373844400868484
"353","abcb8",0.202192448233862,0.0878526194588371,0.16765368254233,0.155732273028496,0.0765100671140939,0.134945894334819,0.152566250078343,0.0586440284670317,0.122396078159136,0.0410750884602643
"354","hif1al2",0.419776325988263,0.185952792170408,0.305363249645508,0.420808482438701,0.180536912751678,0.323360916613622,0.303697455934726,0.116920667092189,0.308235437268,0.120847804672003
"355","cyp27a1.1",0.838002436053593,0.405757052389176,0.93460672282926,0.90523525513585,0.448993288590605,1.12348822406111,0.72612207042401,0.281617481064658,0.825905589262522,0.344174013268754
"356","sult1st1",0.138522865684863,0.223603914795625,0.328634581699892,0.166998011928429,0.250335570469799,0.419478039465309,0.23025378739346,0.0952301514527847,0.278937207287846,0.128647119275013
"357","cyp2x12",3.12047392315358,2.10650546919977,4.67945616815414,2.92445328031809,1.92416107382551,4.37173774665818,3.30214518683583,1.29606024584059,3.07345070026726,1.23057225131737
"358","cyp46a1.3",0.226110065330528,0.108347725964306,0.258987405121362,0.237905897945659,0.114093959731544,0.29662635264163,0.197815065472065,0.0792056405622602,0.216208736772944,0.0931804363457619
"359","gsr",0.115491086258443,0.0957973517559009,0.199265993827676,0.117296222664016,0.1,0.26479949077021,0.136851477280673,0.0549421486794173,0.160698571144742,0.0905678802322433
"360","cyp7b1",0.0837116598383346,0.0347725964306274,0.0640587204937861,0.151093439363817,0.0711409395973155,0.126034373010821,0.060847658920916,0.0246270414204481,0.116089583990651,0.0408934551758576
"361","aldh1l2",0.0418558299191673,0.0580310880829015,0.0173492368004004,0.0543406229290922,0.0510067114093961,0.0248249522597072,0.0390787182674897,0.0204826150134034,0.0433907621993985,0.0161646439967865
"362","abcb6b",0.0163879968995681,0.0082901554404145,0.0206022187004754,0.0165672630881378,0.0187919463087248,0.0184595798854233,0.015093457013486,0.00625728380109362,0.0179395964274287,0.00120003789749801
"363","hspa13",0.282139297973646,0.131491076568797,0.160313620819084,0.286282306163021,0.11006711409396,0.148313176320815,0.191314665120509,0.07996574400295,0.181554198859266,0.092691276091849
"364","hsdl1",0.0229210497176393,0.0101324122049511,0.0140128451080157,0.0225314777998674,0.0120805369127517,0.0203691915977085,0.015688769010202,0.00655696980717263,0.0183270687701092,0.00551663308447722
"365","slco2b1",0.177167534049385,0.136557282671272,0.299774793560764,0.156394963552021,0.15503355704698,0.414385741565883,0.204499870093807,0.0849722390576726,0.241938087388295,0.1493456006397
"366","cyp3a65",1.49750858155244,4.08094415659183,4.35674368170823,1.44731610337972,3.87181208053692,5.04137492043285,3.31173213995083,1.57720375487741,3.45350103478316,1.8331810585316
"367","ahr1a",0.099103089358875,0.0938399539435809,0.189006589373593,0.0841616964877402,0.112751677852349,0.267345639719924,0.12731654422535,0.0534899186893582,0.154753004686671,0.0985503569572717
"368","dnajc9",0.109843871110619,0.0435233160621762,0.0969221786637752,0.136514247846256,0.0798657718120807,0.100572883513686,0.0834297886121901,0.0351587463863754,0.105650967724007,0.0286636121883471
"369","hsph1",0.0251356438932566,0.0112838226827864,0.0285261489698891,0.0424121935056328,0.014765100671141,0.0381922342457034,0.0216485385153107,0.00913478964647805,0.0317898428074924,0.0148940725674951
"370","gstt1b",0.58310264644004,0.228900402993667,0.490950037534406,0.579854208084823,0.228859060402685,0.544239338001275,0.434317695656038,0.183766765019093,0.450984202162928,0.193188479714172
"371","abcc4",0.728380024360536,0.392746113989637,0.341646509300192,0.92445328031809,0.467785234899328,0.470401018459581,0.487590882550122,0.210088910964385,0.620879844559,0.262905560524768
"372","abcd4",0.143948621415126,0.0597582037996545,0.147301693218784,0.192180251822399,0.0624161073825503,0.18586887332909,0.117002839477855,0.0496036491407391,0.146821744178013,0.0731655111152593
"373","hsd17b12a",0.0979957922710663,0.03811168681635,0.0836600216865461,0.150430748840291,0.0429530201342284,0.163590070019096,0.0732558335913208,0.0312683844956614,0.118991279664539,0.0661789590260444
"374","dnajb9a",0.00697597165319455,0.00322394933793897,0.0038368504462424,0.0304837640821736,0.00805369127516781,0.011457670273711,0.00467892381245864,0.00201276762918923,0.0166650418770175,0.0120877864306533
"375","ugt5b3",0.0145055918502935,0.00575705238917673,0.0140128451080157,0.00662690523525512,0.00134228187919463,0.0280076384468492,0.0114251631158286,0.00491490683993055,0.0119922751870997,0.0141191609616208
"376","hsd17b4",1.20651090687632,3.47115716753022,1.60497122362165,1.2286282306163,3.5744966442953,1.68555060471038,2.09421309934273,1.20899705590739,2.16289182654066,1.24365012568569
"377","gstk1",2.71442808105415,1.04571099597006,2.08891483860206,2.3015241882041,0.819463087248324,1.86569064290261,1.94968463854209,0.843026075497926,1.66222597278501,0.761691985471235
"378","aldh3a1",0.00775107961466061,0.00552677029360967,0.012845108015681,0.0192180251822399,0.00268456375838926,0.0471037555697009,0.00870765264131709,0.00375177167749692,0.0230021148367767,0.0224500701820218
"379","mgst1.2",10.4461299966781,4.74438687392055,5.55826173992827,11.5732273028496,5.44161073825503,6.52387014640359,6.91625953684231,3.08392398930256,7.84623606250273,3.27271586543166
"380","ugt5d1",0.332410585760159,0.25860679332182,0.592292935190592,0.272365805168986,0.209395973154363,0.527052832590706,0.39443677142419,0.175277055257778,0.336271536971352,0.168194610510079
"381","aldh3a2a",0.625733584320674,0.248013816925734,0.388439402785887,0.601722995361167,0.21744966442953,0.422024188415021,0.420728934677432,0.190918873012998,0.413732282735239,0.192270811594416
"382","cyp27a1.4",0.0985494408149706,0.0660909614277489,0.162899324380682,0.068257123923128,0.0617449664429532,0.124124761298536,0.109179908874467,0.0492718979011332,0.0847089505548725,0.0342900372002844
"383","cyp2ad6",0.0289004539918061,0.105354058721934,0.089999165902077,0.0397614314115309,0.159731543624161,0.0846594525779759,0.0747512262052725,0.0404433327979497,0.0947174758712227,0.0606141883596853
"384","ugt1a6",0.0356549662274388,0.0289004029936673,0.0665610142630746,0.0331345261762756,0.014765100671141,0.0445576066199875,0.0437054611613935,0.0200795483467028,0.030819077822468,0.0150306130442965
"385","gpx4b",2.00919056582881,1.28151986183074,3.27008090749855,2.39827700463883,1.40536912751678,4.11266709102484,2.1869304450527,1.00612492096496,2.63877107439348,1.3695778962856
"386","hspa4a",0.599822832465951,1.011168681635,0.268245892067729,0.697813121272365,1.21879194630873,0.380012730744749,0.626412468722894,0.372174454230556,0.765539266108614,0.42347109244471
"387","dnajc3b",0.0547004761377478,0.0244099021301094,0.0267745433313872,0.11663353214049,0.05503355704698,0.0642902609802674,0.0352949738664148,0.0168471962297804,0.0786524500559125,0.0332166161606462
"388","hspa12b",0.0581330971099546,0.0236039147956247,0.0711485528401035,0.0563286944996686,0.0208053691275168,0.0999363462762572,0.0509618549152276,0.0245701686534037,0.0590234699678142,0.0396342559819963
"389","hsd17b7",0.0174952939873768,0.00690846286701208,0.0210192676620235,0.0159045725646123,0.0120805369127517,0.0330999363462763,0.0151410081721374,0.00734409281433773,0.0203616819412134,0.0111961223703903
"390","ugt1b1",0.0403056139962352,0.0137017846862406,0.0399532905163067,0.0318091451292246,0.0134228187919463,0.0267345639719924,0.0313202297329275,0.0152590378909016,0.0239888426310545,0.00949570894176865
"391","mt2",4.24570922378475,4.42141623488774,9.35799482859288,7.51491053677931,8.69060402684564,19.0031826861872,6.00837342908845,2.90218725764744,11.736232416604,6.32075853526236
"392","gstm.2",0.0501605580777323,0.0164651698330455,0.0489615480857453,0.0994035785288269,0.0348993288590605,0.145130490133673,0.038529091998841,0.0191173194314457,0.0931444658405202,0.0553814914725228
"393","gpx4a",94.4077067877311,30.1660333909039,74.3371423805155,236.855533465871,60.1033557046979,149.357097390198,66.3036275197169,32.8656533628979,148.771995520256,88.3775415135429
"394","slc39a7",0.533606466614993,0.197351755900979,0.29176745349904,0.583830351225978,0.21006711409396,0.306810948440484,0.340908558671671,0.173429939118169,0.366902804586808,0.193992300721405
"395","cyp24a1",2.5427970324438,7.26079447322971,2.59045791975978,2.57123923127899,6.86040268456375,2.58179503500955,4.13134980847776,2.71028334724494,4.00447898361743,2.47330810767043
"396","dnajc3a",1.2256671464954,0.565572826712723,0.505630160980899,1.52021206096753,0.636241610738255,0.712921705919799,0.765623378063008,0.399535333167003,0.956458459208527,0.48972803868213
"397","ugt1a1",0.0785073635256339,0.0351180195739781,0.114188005671866,0.0390987408880051,0.0335570469798658,0.0891152132399746,0.0759377962571593,0.0395975716722687,0.0539236670359485,0.0306024718938757
"398","rxrgb",0.574687188572694,2.0587219343696,0.908332638251731,0.62889330682571,2.11140939597316,1.05028644175684,1.18058058706467,0.778574974493633,1.2635297148519,0.763916231523771
"399","thrb",0.270069759716533,0.0805987334484743,0.282592376344983,0.719019218025181,0.21744966442953,0.805856142584341,0.21108695650333,0.113179442695289,0.580775008346351,0.317630511783629
"400","cyp17a1",0.0416343705016056,0.0154289004029936,0.0210192676620235,0.0357852882703777,0.0120805369127517,0.0152768936982814,0.0260275128555409,0.0138019402879126,0.0210475729604702,0.012862906498611
"401","slc22a17",0.00354335068098771,0.00115141047783535,0.00417048961548086,0.0198807157057654,0.0214765100671141,0.0254614894971356,0.00295508359143464,0.00159318967368296,0.022272905090005,0.00287435954639904
"402","cyp2aa7",0.054479016720186,0.0164651698330455,0.0349487029777297,0.0331345261762756,0.025503355704698,0.017823042647995,0.0352976298436537,0.0190093253761953,0.0254869748429895,0.00765575490782426
"403","cyp11a1.1",0.219687742221238,0.104087507196315,0.0822420552172825,0.218687872763419,0.102013422818792,0.11075747931254,0.135339101544945,0.0738601775721925,0.143819591631584,0.0649850695984711
"404","abcb9",0.0408592625401395,0.0140472078295912,0.0527983985319876,0.0304837640821736,0.014765100671141,0.0521960534691281,0.0359016229672395,0.0198455873638061,0.0324816394074809,0.0187952836159205
"405","cyp2p7",0.199977854058243,0.167415083477259,0.434565017933105,0.1610337972167,0.125503355704698,0.351368555060471,0.267319318489536,0.145751248686774,0.212635235993956,0.121452885650848
"406","cyp51",0.0553648543904329,0.0218767990788717,0.024188839769789,0.0636182902584492,0.0268456375838926,0.0343730108211331,0.0338101644130312,0.0187026703455828,0.041612312887825,0.0194258234572051
"407","mtf2",0.0293433728269295,0.00840529648819804,0.0178496955542581,0.0543406229290922,0.0167785234899329,0.0547422024188415,0.0185327882897952,0.0104857389799501,0.0419537829459555,0.0218033388046462
"408","abca1b",0.738013509024472,0.541162924582614,0.175494203019435,0.673956262425445,0.665771812080538,0.235518777848505,0.48489021220884,0.285450444080094,0.525082284118163,0.250802740075235
"409","cyp26a1",0.0456206400177167,0.0207253886010362,0.0166819584619235,0.0463883366467861,0.0187919463087248,0.0127307447485678,0.0276759956935588,0.0156714717484629,0.0259703425680262,0.0179403289473303
"410","adh8b",0.749197209611339,1.76603339090385,2.87088164150471,0.697150430748841,1.57852348993289,2.61107574793126,1.79537074733997,1.06114641661586,1.62891655620433,0.957957267201483
"411","cyp2aa6",0.436939430849297,0.167415083477259,0.174993744265577,0.42809807819748,0.18993288590604,0.198599618077658,0.259782752864045,0.153468972241669,0.272210194060393,0.135072396799594
"412","hsp90aa1.2",0.0130661056361422,0.00414507772020725,0.00617232463091167,0.0139165009940358,0.0107382550335571,0.00572883513685554,0.00779450266242038,0.00467651375959217,0.0101278637214828,0.00412782039490584
"413","cyp27a1.2",0.10618979072085,0.0272884283246978,0.129702227041455,0.102054340622929,0.0288590604026846,0.122851686823679,0.0877268153623345,0.0536452014276766,0.084588362616431,0.0493705250749045
"414","cyp3c1",11.398184032776,4.35912492803685,4.11026774543332,10.1338634857521,3.95302013422818,3.85614258434119,6.62252556874872,4.13771287042852,5.98100873477383,3.59680389400928
"415","nat16l",0.0192669693278707,0.00990213010938398,0.0376178163316374,0.0278330019880715,0.0120805369127517,0.0521960534691281,0.0222623052562974,0.0140985404806914,0.0307031974566504,0.0202111895658597
"416","slc39a8",0.0336618314693833,0.0142774899251584,0.010676453415631,0.049039098740888,0.014765100671141,0.0203691915977085,0.0195385916033909,0.0123628999114288,0.0280577970032458,0.0183851224018987
"417","aldh1l1",7.88129775218691,37.960161197467,14.8511135207273,6.71371769383695,34.8114093959732,13.1368555060471,20.2308574901271,15.7445463707968,18.2206608652858,14.7225635486841
"418","dnajb11",0.6521979847193,0.29936672423719,0.177162398865627,0.822398939695162,0.319463087248323,0.234882240611076,0.376242369274039,0.246672050619257,0.45891475585152,0.317614615269554
"419","hsd3b7",0.83368397741114,0.614738054116293,2.05121361247811,0.826375082836313,0.593959731543626,2.25907065563336,1.16654521466851,0.773926973230745,1.22646849000443,0.901778602665469
"420","aldh9a1a.1",3.10740781751744,13.6892343120322,4.51105179748103,3.16500994035785,16.003355704698,5.07956715467854,7.10256464234356,5.74723560582124,8.08264426657813,6.9260114493263
"421","cyp2r1",0.129553759273614,0.301899827288428,0.0428726332471432,0.170974155069582,0.384563758389262,0.0725652450668366,0.158108739936395,0.131853373122246,0.20936771950856,0.159503346114113
"422","sult6b1",0.163437050160558,0.220610247553253,0.597881391275336,0.130550033134526,0.210738255033557,0.775302355187778,0.327309562996382,0.236059376680291,0.37219688111862,0.351394443825201
"423","aldh9a1a.2",0.0207064555420219,0.104432930339666,0.0308616231545583,0.00728959575878063,0.0832214765100671,0.0241884150222788,0.0520003363454155,0.0456909678386672,0.0382331624303755,0.0398667007153191
"424","slc47a1",0.294651755065885,0.242832469775475,0.884894486612729,0.284294234592445,0.228187919463087,1.03309993634628,0.474126237151363,0.356678042015721,0.515194030133937,0.449396123054671
"425","sult1st2",0.0744103643007419,0.00472078295912493,0.0661439653015264,0.0801855533465869,0.0100671140939597,0.682367918523236,0.0484250375204644,0.0380740034429705,0.257540195321261,0.369578265975607
"426","mafk",0.00575794485660503,0.00230282095567069,0.00116773709233464,0.0569913850231941,0.0489932885906042,0.0267345639719924,0.00307616763487012,0.00239082635180049,0.0442397458619302,0.0156785181501986
"427","hspa5",5.41180378695604,1.49717904432931,1.28901493035283,5.45924453280318,1.36644295302014,1.39656269891789,2.73266592054606,2.32253479091504,2.7407500615804,2.35433343907036
"428","dnajb9b",0.0591296644889824,0.0168105929763961,0.0126782884310619,0.0994035785288269,0.0208053691275168,0.0273711012094208,0.0295395152988134,0.0257089805717027,0.0491933496219215,0.0436070811291666
"429","hmox1a",0.174731480456206,0.317328727691421,1.04720994244724,0.302186878727634,0.442281879194631,1.65817950350096,0.513090050198291,0.468024078655993,0.800882753807741,0.745737849424902
"430","cyp3c4",0.172406156571809,0.0351180195739781,0.0420385353240471,0.151756129887342,0.0187919463087248,0.0541056651814134,0.0831875704899447,0.07734300525191,0.0748845804591602,0.0688744583918589
"431","cyp26b1",0.0141734027239509,0.00898100172711571,0.0623905246475937,0.0238568588469184,0.025503355704698,0.140038192234246,0.0285149763662201,0.0294517373944346,0.0631328022619542,0.0666071091781379
"432","cyp7a1",0.542575573026243,6.3112262521589,0.758528651263659,0.418157720344598,5.148322147651,0.680458306810951,2.5374434921496,3.26997494987463,2.08231272493552,2.65847902653947
"433","slc15a1a",0.0048721071863581,0.00207253886010362,0.0709817332554843,0.0059642147117296,0,0.0948440483768304,0.0259754597673153,0.0390017036252551,0.0336027543628533,0.0531202883431716
"434","gpx1b",0.0263536706898461,0.0126655152561888,0.49228459421136,0.0198807157057654,0.0174496644295302,0.79121578612349,0.177101260052465,0.273042564444506,0.276182055419595,0.446033950865465
"435","gsto1",0.000885837670246927,0.00161197466896949,0.043373092001001,0.00397614314115309,0.00134228187919463,0.138765117759389,0.0152903014467391,0.0243231199216123,0.0480278475932457,0.0785918154402201
"436","cyp46a1.1",0.00852618757612668,0.00207253886010362,0.271749103344733,0.0132538104705103,0.00335570469798658,0.710375556970082,0.094115943260321,0.153868668242167,0.242328357379526,0.405370976893872
"437","slc15a1b",0.00730816077953716,0.000921128382268278,0.347652014346485,0.0291583830351226,0.0040268456375839,2.03373647358371,0.11862710116943,0.198367100819488,0.688973900752138,1.16466633913298
